Classification Name,Classification Code,Country Name,Country Code,Time,Time Code,Population [Pop],Percent of the population who cannot afford a healthy diet [CoHD_headcount],Millions of people who cannot afford a healthy diet [CoHD_unafford_n],Cost of a healthy diet [CoHD],Affordability of a healthy diet: ratio of cost to food expenditures [CoHD_fexp]
Food Prices for Nutrition 1.1,FPN 1.1,Albania,ALB,2017,YR2017,2873457,31.3,0.9,3.952,0.425
Food Prices for Nutrition 1.1,FPN 1.1,Albania,ALB,2018,YR2018,2866376,22.8,0.7,4.051,..
Food Prices for Nutrition 1.1,FPN 1.1,Albania,ALB,2019,YR2019,2854191,14.9,0.4,4.117,..
Food Prices for Nutrition 1.1,FPN 1.1,Albania,ALB,2020,YR2020,2837849,15.2,0.4,4.197,..
Food Prices for Nutrition 1.1,FPN 1.1,Algeria,DZA,2017,YR2017,41136546,32.7,13.5,3.763,0.605
Food Prices for Nutrition 1.1,FPN 1.1,Algeria,DZA,2018,YR2018,41927007,31.5,13.2,3.822,..
Food Prices for Nutrition 1.1,FPN 1.1,Algeria,DZA,2019,YR2019,42705368,29.5,12.4,3.796,..
Food Prices for Nutrition 1.1,FPN 1.1,Algeria,DZA,2020,YR2020,43451666,27.9,11.7,3.76,..
Food Prices for Nutrition 1.1,FPN 1.1,Angola,AGO,2017,YR2017,30208628,81.2,24.5,4.327,0.972
Food Prices for Nutrition 1.1,FPN 1.1,Angola,AGO,2018,YR2018,31273533,82.7,25.9,4.293,..
Food Prices for Nutrition 1.1,FPN 1.1,Angola,AGO,2019,YR2019,32353588,83.8,26.2,4.352,..
Food Prices for Nutrition 1.1,FPN 1.1,Angola,AGO,2020,YR2020,33428486,84.7,26.5,4.534,..
Food Prices for Nutrition 1.1,FPN 1.1,Anguilla,AIA,2017,YR2017,..,..,..,3.717,0.577
Food Prices for Nutrition 1.1,FPN 1.1,Anguilla,AIA,2018,YR2018,..,..,..,..,..
Food Prices for Nutrition 1.1,FPN 1.1,Anguilla,AIA,2019,YR2019,..,..,..,..,..
Food Prices for Nutrition 1.1,FPN 1.1,Anguilla,AIA,2020,YR2020,..,..,..,..,..
Food Prices for Nutrition 1.1,FPN 1.1,Antigua and Barbuda,ATG,2017,YR2017,91119,..,..,4.112,0.767
Food Prices for Nutrition 1.1,FPN 1.1,Antigua and Barbuda,ATG,2018,YR2018,91626,..,..,4.302,..
Food Prices for Nutrition 1.1,FPN 1.1,Antigua and Barbuda,ATG,2019,YR2019,92117,..,..,4.391,..
Food Prices for Nutrition 1.1,FPN 1.1,Antigua and Barbuda,ATG,2020,YR2020,92664,..,..,4.504,..
Food Prices for Nutrition 1.1,FPN 1.1,Argentina,ARG,2017,YR2017,44044811,6.8,3,3.341,0.395
Food Prices for Nutrition 1.1,FPN 1.1,Argentina,ARG,2018,YR2018,..,..,..,..,..
Food Prices for Nutrition 1.1,FPN 1.1,Argentina,ARG,2019,YR2019,..,..,..,..,..
Food Prices for Nutrition 1.1,FPN 1.1,Argentina,ARG,2020,YR2020,..,..,..,..,..
Food Prices for Nutrition 1.1,FPN 1.1,Armenia,ARM,2017,YR2017,2851923,37.1,1.1,3.096,0.27
Food Prices for Nutrition 1.1,FPN 1.1,Armenia,ARM,2018,YR2018,2836557,37.9,1.1,3.166,..
Food Prices for Nutrition 1.1,FPN 1.1,Armenia,ARM,2019,YR2019,2820602,40,1.1,3.237,..
Food Prices for Nutrition 1.1,FPN 1.1,Armenia,ARM,2020,YR2020,2805608,39.5,1.1,3.247,..
Food Prices for Nutrition 1.1,FPN 1.1,Aruba,ABW,2017,YR2017,105439,..,..,3.418,0.723
Food Prices for Nutrition 1.1,FPN 1.1,Aruba,ABW,2018,YR2018,105962,..,..,3.62,..
Food Prices for Nutrition 1.1,FPN 1.1,Aruba,ABW,2019,YR2019,106442,..,..,3.907,..
Food Prices for Nutrition 1.1,FPN 1.1,Aruba,ABW,2020,YR2020,106585,..,..,4.138,..
Food Prices for Nutrition 1.1,FPN 1.1,Australia,AUS,2017,YR2017,24594202,0.7,0.2,2.259,0.333
Food Prices for Nutrition 1.1,FPN 1.1,Australia,AUS,2018,YR2018,24966643,0.7,0.2,2.273,..
Food Prices for Nutrition 1.1,FPN 1.1,Australia,AUS,2019,YR2019,25340217,0.7,0.2,2.325,..
Food Prices for Nutrition 1.1,FPN 1.1,Australia,AUS,2020,YR2020,25655289,0.7,0.2,2.561,..
Food Prices for Nutrition 1.1,FPN 1.1,Austria,AUT,2017,YR2017,8797566,0.6,0.1,2.772,0.39
Food Prices for Nutrition 1.1,FPN 1.1,Austria,AUT,2018,YR2018,8840521,0.8,0.1,2.848,..
Food Prices for Nutrition 1.1,FPN 1.1,Austria,AUT,2019,YR2019,8879920,0.8,0.1,2.818,..
Food Prices for Nutrition 1.1,FPN 1.1,Austria,AUT,2020,YR2020,8916864,0.8,0.1,2.981,..
Food Prices for Nutrition 1.1,FPN 1.1,Azerbaijan,AZE,2017,YR2017,9854033,0,0,2.348,0.288
Food Prices for Nutrition 1.1,FPN 1.1,Azerbaijan,AZE,2018,YR2018,9939771,0,0,2.399,..
Food Prices for Nutrition 1.1,FPN 1.1,Azerbaijan,AZE,2019,YR2019,10024283,0,0,2.459,..
Food Prices for Nutrition 1.1,FPN 1.1,Azerbaijan,AZE,2020,YR2020,10093121,0,0,2.533,..
Food Prices for Nutrition 1.1,FPN 1.1,"Bahamas, The",BHS,2017,YR2017,399020,..,..,4.276,0.69
Food Prices for Nutrition 1.1,FPN 1.1,"Bahamas, The",BHS,2018,YR2018,401906,..,..,4.387,..
Food Prices for Nutrition 1.1,FPN 1.1,"Bahamas, The",BHS,2019,YR2019,404557,..,..,4.364,..
Food Prices for Nutrition 1.1,FPN 1.1,"Bahamas, The",BHS,2020,YR2020,406471,..,..,4.488,..
Food Prices for Nutrition 1.1,FPN 1.1,Bahrain,BHR,2017,YR2017,1456834,..,..,3.379,0.492
Food Prices for Nutrition 1.1,FPN 1.1,Bahrain,BHR,2018,YR2018,1487340,..,..,3.463,..
Food Prices for Nutrition 1.1,FPN 1.1,Bahrain,BHR,2019,YR2019,1494188,..,..,3.573,..
Food Prices for Nutrition 1.1,FPN 1.1,Bahrain,BHR,2020,YR2020,1477469,..,..,3.835,..
Food Prices for Nutrition 1.1,FPN 1.1,Bangladesh,BGD,2017,YR2017,161793964,74.6,120.7,2.882,0.648
Food Prices for Nutrition 1.1,FPN 1.1,Bangladesh,BGD,2018,YR2018,163683958,71.4,116.8,2.971,..
Food Prices for Nutrition 1.1,FPN 1.1,Bangladesh,BGD,2019,YR2019,165516222,69.9,114.4,3.024,..
Food Prices for Nutrition 1.1,FPN 1.1,Bangladesh,BGD,2020,YR2020,167420951,70,114.5,3.064,..
Food Prices for Nutrition 1.1,FPN 1.1,Barbados,BRB,2017,YR2017,279187,..,..,..,..
Food Prices for Nutrition 1.1,FPN 1.1,Barbados,BRB,2018,YR2018,..,..,..,..,..
Food Prices for Nutrition 1.1,FPN 1.1,Barbados,BRB,2019,YR2019,..,..,..,..,..
Food Prices for Nutrition 1.1,FPN 1.1,Barbados,BRB,2020,YR2020,..,..,..,..,..
Food Prices for Nutrition 1.1,FPN 1.1,Belarus,BLR,2017,YR2017,9458989,2.1,0.2,3.177,0.378
Food Prices for Nutrition 1.1,FPN 1.1,Belarus,BLR,2018,YR2018,9438785,1.1,0.1,3.228,..
Food Prices for Nutrition 1.1,FPN 1.1,Belarus,BLR,2019,YR2019,9419758,1.4,0.1,3.31,..
Food Prices for Nutrition 1.1,FPN 1.1,Belarus,BLR,2020,YR2020,9379952,1.4,0.1,3.31,..
Food Prices for Nutrition 1.1,FPN 1.1,Belgium,BEL,2017,YR2017,11375158,0.3,0,2.862,0.347
Food Prices for Nutrition 1.1,FPN 1.1,Belgium,BEL,2018,YR2018,11427054,0.2,0,2.962,..
Food Prices for Nutrition 1.1,FPN 1.1,Belgium,BEL,2019,YR2019,11488980,0.2,0,2.943,..
Food Prices for Nutrition 1.1,FPN 1.1,Belgium,BEL,2020,YR2020,11538604,0.2,0,3.13,..
Food Prices for Nutrition 1.1,FPN 1.1,Belize,BLZ,2017,YR2017,374693,47.4,0.2,2.476,1.009
Food Prices for Nutrition 1.1,FPN 1.1,Belize,BLZ,2018,YR2018,382066,45.3,0.2,2.321,..
Food Prices for Nutrition 1.1,FPN 1.1,Belize,BLZ,2019,YR2019,389095,44.4,0.2,2.221,..
Food Prices for Nutrition 1.1,FPN 1.1,Belize,BLZ,2020,YR2020,394921,43,0.2,2.14,..
Food Prices for Nutrition 1.1,FPN 1.1,Benin,BEN,2017,YR2017,11596779,90.5,10.5,3.55,1.721
Food Prices for Nutrition 1.1,FPN 1.1,Benin,BEN,2018,YR2018,11940683,86.7,10.4,3.67,..
Food Prices for Nutrition 1.1,FPN 1.1,Benin,BEN,2019,YR2019,12290444,82.4,9.8,3.664,..
Food Prices for Nutrition 1.1,FPN 1.1,Benin,BEN,2020,YR2020,12643123,82.4,9.8,3.707,..
Food Prices for Nutrition 1.1,FPN 1.1,Bermuda,BMU,2017,YR2017,63873,..,..,4.072,0.387
Food Prices for Nutrition 1.1,FPN 1.1,Bermuda,BMU,2018,YR2018,63918,..,..,3.842,..
Food Prices for Nutrition 1.1,FPN 1.1,Bermuda,BMU,2019,YR2019,63911,..,..,3.788,..
Food Prices for Nutrition 1.1,FPN 1.1,Bermuda,BMU,2020,YR2020,63893,..,..,3.616,..
Food Prices for Nutrition 1.1,FPN 1.1,Bhutan,BTN,2017,YR2017,756121,51.2,0.4,4.383,0.753
Food Prices for Nutrition 1.1,FPN 1.1,Bhutan,BTN,2018,YR2018,762096,45.1,0.3,4.587,..
Food Prices for Nutrition 1.1,FPN 1.1,Bhutan,BTN,2019,YR2019,767459,43,0.3,4.712,..
Food Prices for Nutrition 1.1,FPN 1.1,Bhutan,BTN,2020,YR2020,772506,46.1,0.4,5.029,..
Food Prices for Nutrition 1.1,FPN 1.1,Bolivia,BOL,2017,YR2017,11435533,20.9,2.4,3.551,0.624
Food Prices for Nutrition 1.1,FPN 1.1,Bolivia,BOL,2018,YR2018,11606905,19.1,2.2,3.648,..
Food Prices for Nutrition 1.1,FPN 1.1,Bolivia,BOL,2019,YR2019,11777315,16,1.9,3.769,..
Food Prices for Nutrition 1.1,FPN 1.1,Bolivia,BOL,2020,YR2020,11936162,15.5,1.8,3.755,..
Food Prices for Nutrition 1.1,FPN 1.1,Bonaire,BON,2017,YR2017,..,..,..,..,..
Food Prices for Nutrition 1.1,FPN 1.1,Bonaire,BON,2018,YR2018,..,..,..,..,..
Food Prices for Nutrition 1.1,FPN 1.1,Bonaire,BON,2019,YR2019,..,..,..,..,..
Food Prices for Nutrition 1.1,FPN 1.1,Bonaire,BON,2020,YR2020,..,..,..,..,..
Food Prices for Nutrition 1.1,FPN 1.1,Bosnia and Herzegovina,BIH,2017,YR2017,3440027,4.6,0.2,3.847,0.487
Food Prices for Nutrition 1.1,FPN 1.1,Bosnia and Herzegovina,BIH,2018,YR2018,3400129,4,0.1,3.89,..
Food Prices for Nutrition 1.1,FPN 1.1,Bosnia and Herzegovina,BIH,2019,YR2019,3360711,3.6,0.1,3.895,..
Food Prices for Nutrition 1.1,FPN 1.1,Bosnia and Herzegovina,BIH,2020,YR2020,3318407,3.7,0.1,3.995,..
Food Prices for Nutrition 1.1,FPN 1.1,Botswana,BWA,2017,YR2017,2401840,63.2,1.5,3.622,0.274
Food Prices for Nutrition 1.1,FPN 1.1,Botswana,BWA,2018,YR2018,2451409,61,1.5,3.575,..
Food Prices for Nutrition 1.1,FPN 1.1,Botswana,BWA,2019,YR2019,2499702,60.1,1.5,3.591,..
Food Prices for Nutrition 1.1,FPN 1.1,Botswana,BWA,2020,YR2020,2546402,60.9,1.5,3.701,..
Food Prices for Nutrition 1.1,FPN 1.1,Brazil,BRA,2017,YR2017,208504960,19.6,41,2.809,0.634
Food Prices for Nutrition 1.1,FPN 1.1,Brazil,BRA,2018,YR2018,210166592,18.5,38.9,2.8,..
Food Prices for Nutrition 1.1,FPN 1.1,Brazil,BRA,2019,YR2019,211782878,18.8,39.6,2.882,..
Food Prices for Nutrition 1.1,FPN 1.1,Brazil,BRA,2020,YR2020,213196304,20.2,42.5,3.084,..
Food Prices for Nutrition 1.1,FPN 1.1,British Virgin Islands,VGB,2017,YR2017,30060,..,..,3.235,0.358
Food Prices for Nutrition 1.1,FPN 1.1,British Virgin Islands,VGB,2018,YR2018,30335,..,..,3.153,..
Food Prices for Nutrition 1.1,FPN 1.1,British Virgin Islands,VGB,2019,YR2019,30610,..,..,3.313,..
Food Prices for Nutrition 1.1,FPN 1.1,British Virgin Islands,VGB,2020,YR2020,30910,..,..,3.337,..
Food Prices for Nutrition 1.1,FPN 1.1,Brunei Darussalam,BRN,2017,YR2017,430276,..,..,4.126,0.772
Food Prices for Nutrition 1.1,FPN 1.1,Brunei Darussalam,BRN,2018,YR2018,434274,..,..,4.263,..
Food Prices for Nutrition 1.1,FPN 1.1,Brunei Darussalam,BRN,2019,YR2019,438048,..,..,4.327,..
Food Prices for Nutrition 1.1,FPN 1.1,Brunei Darussalam,BRN,2020,YR2020,441725,..,..,4.405,..
Food Prices for Nutrition 1.1,FPN 1.1,Bulgaria,BGR,2017,YR2017,7075947,10.6,0.8,3.78,0.576
Food Prices for Nutrition 1.1,FPN 1.1,Bulgaria,BGR,2018,YR2018,7025037,8.6,0.6,3.859,..
Food Prices for Nutrition 1.1,FPN 1.1,Bulgaria,BGR,2019,YR2019,6975761,7.8,0.5,3.896,..
Food Prices for Nutrition 1.1,FPN 1.1,Bulgaria,BGR,2020,YR2020,6934015,8.2,0.6,4.108,..
Food Prices for Nutrition 1.1,FPN 1.1,Burkina Faso,BFA,2017,YR2017,19835858,82.9,16.4,3.173,1.997
Food Prices for Nutrition 1.1,FPN 1.1,Burkina Faso,BFA,2018,YR2018,20392723,79.6,16.2,3.296,..
Food Prices for Nutrition 1.1,FPN 1.1,Burkina Faso,BFA,2019,YR2019,20951639,76.8,15.7,3.24,..
Food Prices for Nutrition 1.1,FPN 1.1,Burkina Faso,BFA,2020,YR2020,21522626,77.4,15.8,3.345,..
Food Prices for Nutrition 1.1,FPN 1.1,Burundi,BDI,2017,YR2017,11155593,96.1,10.7,2.988,3.412
Food Prices for Nutrition 1.1,FPN 1.1,Burundi,BDI,2018,YR2018,11493472,95.3,11,2.804,..
Food Prices for Nutrition 1.1,FPN 1.1,Burundi,BDI,2019,YR2019,11874838,95.2,10.9,2.783,..
Food Prices for Nutrition 1.1,FPN 1.1,Burundi,BDI,2020,YR2020,12220227,95.7,11,2.943,..
Food Prices for Nutrition 1.1,FPN 1.1,Cabo Verde,CPV,2017,YR2017,564954,44.5,0.3,3.358,0.753
Food Prices for Nutrition 1.1,FPN 1.1,Cabo Verde,CPV,2018,YR2018,571202,42.3,0.2,3.413,..
Food Prices for Nutrition 1.1,FPN 1.1,Cabo Verde,CPV,2019,YR2019,577030,40,0.2,3.484,..
Food Prices for Nutrition 1.1,FPN 1.1,Cabo Verde,CPV,2020,YR2020,582640,40.6,0.2,3.563,..
Food Prices for Nutrition 1.1,FPN 1.1,Cambodia,KHM,2017,YR2017,15830689,..,..,3.618,0.933
Food Prices for Nutrition 1.1,FPN 1.1,Cambodia,KHM,2018,YR2018,16025238,..,..,3.706,..
Food Prices for Nutrition 1.1,FPN 1.1,Cambodia,KHM,2019,YR2019,16207746,..,..,3.778,..
Food Prices for Nutrition 1.1,FPN 1.1,Cambodia,KHM,2020,YR2020,16396860,..,..,3.888,..
Food Prices for Nutrition 1.1,FPN 1.1,Cameroon,CMR,2017,YR2017,24393181,58.8,14.3,2.616,1.128
Food Prices for Nutrition 1.1,FPN 1.1,Cameroon,CMR,2018,YR2018,25076747,58.3,14.6,2.684,..
Food Prices for Nutrition 1.1,FPN 1.1,Cameroon,CMR,2019,YR2019,25782341,58.1,14.6,2.744,..
Food Prices for Nutrition 1.1,FPN 1.1,Cameroon,CMR,2020,YR2020,26491087,58.5,14.7,2.808,..
Food Prices for Nutrition 1.1,FPN 1.1,Canada,CAN,2017,YR2017,36545236,0.7,0.3,2.863,0.451
Food Prices for Nutrition 1.1,FPN 1.1,Canada,CAN,2018,YR2018,37065084,0.7,0.3,2.911,..
Food Prices for Nutrition 1.1,FPN 1.1,Canada,CAN,2019,YR2019,37601230,0.7,0.3,2.918,..
Food Prices for Nutrition 1.1,FPN 1.1,Canada,CAN,2020,YR2020,38037204,0.7,0.3,3.008,..
Food Prices for Nutrition 1.1,FPN 1.1,Cayman Islands,CYM,2017,YR2017,63581,..,..,2.928,0.469
Food Prices for Nutrition 1.1,FPN 1.1,Cayman Islands,CYM,2018,YR2018,64884,..,..,2.874,..
Food Prices for Nutrition 1.1,FPN 1.1,Cayman Islands,CYM,2019,YR2019,66134,..,..,2.714,..
Food Prices for Nutrition 1.1,FPN 1.1,Cayman Islands,CYM,2020,YR2020,67311,..,..,2.765,..
Food Prices for Nutrition 1.1,FPN 1.1,Central African Republic,CAF,2017,YR2017,4996741,94.3,4.7,3.423,2.761
Food Prices for Nutrition 1.1,FPN 1.1,Central African Republic,CAF,2018,YR2018,5094780,94.1,4.8,3.507,..
Food Prices for Nutrition 1.1,FPN 1.1,Central African Republic,CAF,2019,YR2019,5209324,93.9,4.8,3.57,..
Food Prices for Nutrition 1.1,FPN 1.1,Central African Republic,CAF,2020,YR2020,5343020,93.9,4.8,3.615,..
Food Prices for Nutrition 1.1,FPN 1.1,Chad,TCD,2017,YR2017,15085884,82.7,12.5,2.831,1.458
Food Prices for Nutrition 1.1,FPN 1.1,Chad,TCD,2018,YR2018,15604210,80.8,12.6,2.728,..
Food Prices for Nutrition 1.1,FPN 1.1,Chad,TCD,2019,YR2019,16126866,79.1,12.3,2.659,..
Food Prices for Nutrition 1.1,FPN 1.1,Chad,TCD,2020,YR2020,16644701,80.8,12.6,2.821,..
Food Prices for Nutrition 1.1,FPN 1.1,Chile,CHL,2017,YR2017,18368577,4.6,0.8,3.053,0.491
Food Prices for Nutrition 1.1,FPN 1.1,Chile,CHL,2018,YR2018,18701450,4.5,0.8,3.18,..
Food Prices for Nutrition 1.1,FPN 1.1,Chile,CHL,2019,YR2019,19039485,4.4,0.8,3.213,..
Food Prices for Nutrition 1.1,FPN 1.1,Chile,CHL,2020,YR2020,19300315,5,0.9,3.402,..
Food Prices for Nutrition 1.1,FPN 1.1,China,CHN,2017,YR2017,1396215000,16.6,232.2,2.571,0.935
Food Prices for Nutrition 1.1,FPN 1.1,China,CHN,2018,YR2018,1402760000,13.6,190.8,2.63,..
Food Prices for Nutrition 1.1,FPN 1.1,China,CHN,2019,YR2019,1407745000,12.2,171.3,2.792,..
Food Prices for Nutrition 1.1,FPN 1.1,China,CHN,2020,YR2020,1411100000,14.3,200.8,2.983,..
Food Prices for Nutrition 1.1,FPN 1.1,Colombia,COL,2017,YR2017,48351671,24.8,12,2.863,0.645
Food Prices for Nutrition 1.1,FPN 1.1,Colombia,COL,2018,YR2018,49276961,24.3,12,2.893,..
Food Prices for Nutrition 1.1,FPN 1.1,Colombia,COL,2019,YR2019,50187406,25.4,12.5,2.93,..
Food Prices for Nutrition 1.1,FPN 1.1,Colombia,COL,2020,YR2020,50930662,26.5,13.1,3.065,..
Food Prices for Nutrition 1.1,FPN 1.1,Comoros,COM,2017,YR2017,761664,..,..,..,..
Food Prices for Nutrition 1.1,FPN 1.1,Comoros,COM,2018,YR2018,..,..,..,..,..
Food Prices for Nutrition 1.1,FPN 1.1,Comoros,COM,2019,YR2019,..,..,..,..,..
Food Prices for Nutrition 1.1,FPN 1.1,Comoros,COM,2020,YR2020,..,..,..,..,..
Food Prices for Nutrition 1.1,FPN 1.1,"Congo, Dem. Rep.",COD,2017,YR2017,84283273,94.1,79.3,2.921,1.878
Food Prices for Nutrition 1.1,FPN 1.1,"Congo, Dem. Rep.",COD,2018,YR2018,87087355,88.9,77.5,2.344,..
Food Prices for Nutrition 1.1,FPN 1.1,"Congo, Dem. Rep.",COD,2019,YR2019,89906890,85.7,74.6,2.127,..
Food Prices for Nutrition 1.1,FPN 1.1,"Congo, Dem. Rep.",COD,2020,YR2020,92853164,84.8,73.8,2.077,..
Food Prices for Nutrition 1.1,FPN 1.1,"Congo, Rep.",COG,2017,YR2017,5312340,88.9,4.7,3.343,1.52
Food Prices for Nutrition 1.1,FPN 1.1,"Congo, Rep.",COG,2018,YR2018,5441062,90.2,4.9,3.385,..
Food Prices for Nutrition 1.1,FPN 1.1,"Congo, Rep.",COG,2019,YR2019,5570733,90.3,4.9,3.365,..
Food Prices for Nutrition 1.1,FPN 1.1,"Congo, Rep.",COG,2020,YR2020,5702174,90.3,4.9,3.422,..
Food Prices for Nutrition 1.1,FPN 1.1,Costa Rica,CRI,2017,YR2017,4993842,16,0.8,3.961,0.642
Food Prices for Nutrition 1.1,FPN 1.1,Costa Rica,CRI,2018,YR2018,5040734,16.3,0.8,4,..
Food Prices for Nutrition 1.1,FPN 1.1,Costa Rica,CRI,2019,YR2019,5084532,16.2,0.8,4.041,..
Food Prices for Nutrition 1.1,FPN 1.1,Costa Rica,CRI,2020,YR2020,5123105,16.3,0.8,4.11,..
Food Prices for Nutrition 1.1,FPN 1.1,Côte d'Ivoire,CIV,2017,YR2017,24848016,77.7,19.3,3.273,1.038
Food Prices for Nutrition 1.1,FPN 1.1,Côte d'Ivoire,CIV,2018,YR2018,25493988,73.4,18.7,3.357,..
Food Prices for Nutrition 1.1,FPN 1.1,Côte d'Ivoire,CIV,2019,YR2019,26147551,72,18.3,3.506,..
Food Prices for Nutrition 1.1,FPN 1.1,Côte d'Ivoire,CIV,2020,YR2020,26811790,72.6,18.5,3.61,..
Food Prices for Nutrition 1.1,FPN 1.1,Croatia,HRV,2017,YR2017,4124531,6.2,0.3,4.168,0.481
Food Prices for Nutrition 1.1,FPN 1.1,Croatia,HRV,2018,YR2018,4087843,4,0.2,4.202,..
Food Prices for Nutrition 1.1,FPN 1.1,Croatia,HRV,2019,YR2019,4065253,3.1,0.1,4.111,..
Food Prices for Nutrition 1.1,FPN 1.1,Croatia,HRV,2020,YR2020,4047680,3.4,0.1,4.277,..
Food Prices for Nutrition 1.1,FPN 1.1,Curacao,CUW,2017,YR2017,160175,..,..,2.866,0.549
Food Prices for Nutrition 1.1,FPN 1.1,Curacao,CUW,2018,YR2018,159336,..,..,2.988,..
Food Prices for Nutrition 1.1,FPN 1.1,Curacao,CUW,2019,YR2019,157441,..,..,3.144,..
Food Prices for Nutrition 1.1,FPN 1.1,Curacao,CUW,2020,YR2020,154947,..,..,3.328,..
Food Prices for Nutrition 1.1,FPN 1.1,Cyprus,CYP,2017,YR2017,1208523,0.1,0,2.846,0.468
Food Prices for Nutrition 1.1,FPN 1.1,Cyprus,CYP,2018,YR2018,1218831,0.1,0,2.868,..
Food Prices for Nutrition 1.1,FPN 1.1,Cyprus,CYP,2019,YR2019,1228836,0.3,0,2.836,..
Food Prices for Nutrition 1.1,FPN 1.1,Cyprus,CYP,2020,YR2020,1237537,0.3,0,2.969,..
Food Prices for Nutrition 1.1,FPN 1.1,Czech Republic,CZE,2017,YR2017,10594438,0.2,0,2.899,0.384
Food Prices for Nutrition 1.1,FPN 1.1,Czech Republic,CZE,2018,YR2018,10629928,0.1,0,2.921,..
Food Prices for Nutrition 1.1,FPN 1.1,Czech Republic,CZE,2019,YR2019,10671870,0.1,0,2.919,..
Food Prices for Nutrition 1.1,FPN 1.1,Czech Republic,CZE,2020,YR2020,10697858,0.1,0,2.966,..
Food Prices for Nutrition 1.1,FPN 1.1,Denmark,DNK,2017,YR2017,5764980,0.2,0,2.376,0.348
Food Prices for Nutrition 1.1,FPN 1.1,Denmark,DNK,2018,YR2018,5793636,0.2,0,2.44,..
Food Prices for Nutrition 1.1,FPN 1.1,Denmark,DNK,2019,YR2019,5814422,0.4,0,2.432,..
Food Prices for Nutrition 1.1,FPN 1.1,Denmark,DNK,2020,YR2020,5831404,0.4,0,2.544,..
Food Prices for Nutrition 1.1,FPN 1.1,Djibouti,DJI,2017,YR2017,1040233,65.8,0.7,2.797,1.167
Food Prices for Nutrition 1.1,FPN 1.1,Djibouti,DJI,2018,YR2018,1057198,64.2,0.7,2.866,..
Food Prices for Nutrition 1.1,FPN 1.1,Djibouti,DJI,2019,YR2019,1073994,63.7,0.7,2.985,..
Food Prices for Nutrition 1.1,FPN 1.1,Djibouti,DJI,2020,YR2020,1090156,65.2,0.7,3.112,..
Food Prices for Nutrition 1.1,FPN 1.1,Dominica,DMA,2017,YR2017,70403,..,..,4,0.87
Food Prices for Nutrition 1.1,FPN 1.1,Dominica,DMA,2018,YR2018,70823,..,..,4.146,..
Food Prices for Nutrition 1.1,FPN 1.1,Dominica,DMA,2019,YR2019,71428,..,..,4.236,..
Food Prices for Nutrition 1.1,FPN 1.1,Dominica,DMA,2020,YR2020,71995,..,..,4.345,..
Food Prices for Nutrition 1.1,FPN 1.1,Dominican Republic,DOM,2017,YR2017,10647244,24.9,2.6,3.521,0.455
Food Prices for Nutrition 1.1,FPN 1.1,Dominican Republic,DOM,2018,YR2018,10765531,21.7,2.3,3.608,..
Food Prices for Nutrition 1.1,FPN 1.1,Dominican Republic,DOM,2019,YR2019,10881882,20.6,2.2,3.744,..
Food Prices for Nutrition 1.1,FPN 1.1,Dominican Republic,DOM,2020,YR2020,10999664,21.6,2.3,3.884,..
Food Prices for Nutrition 1.1,FPN 1.1,East Asia & Pacific,EAS,2017,YR2017,2288221317,26.1,587.9,3.7,..
Food Prices for Nutrition 1.1,FPN 1.1,East Asia & Pacific,EAS,2018,YR2018,2278505178,24.1,540.3,3.778,..
Food Prices for Nutrition 1.1,FPN 1.1,East Asia & Pacific,EAS,2019,YR2019,2290574843,22.7,508.8,3.871,..
Food Prices for Nutrition 1.1,FPN 1.1,East Asia & Pacific,EAS,2020,YR2020,2300278763,24.5,549.8,4.054,..
Food Prices for Nutrition 1.1,FPN 1.1,Ecuador,ECU,2017,YR2017,16696944,17.6,2.9,2.788,0.65
Food Prices for Nutrition 1.1,FPN 1.1,Ecuador,ECU,2018,YR2018,17015672,18.3,3.1,2.816,..
Food Prices for Nutrition 1.1,FPN 1.1,Ecuador,ECU,2019,YR2019,17343740,19.8,3.4,2.861,..
Food Prices for Nutrition 1.1,FPN 1.1,Ecuador,ECU,2020,YR2020,17588595,20.2,3.4,2.928,..
Food Prices for Nutrition 1.1,FPN 1.1,"Egypt, Arab Rep.",EGY,2017,YR2017,101789386,67.4,68.6,3.457,0.286
Food Prices for Nutrition 1.1,FPN 1.1,"Egypt, Arab Rep.",EGY,2018,YR2018,103740765,70.2,72.9,3.507,..
Food Prices for Nutrition 1.1,FPN 1.1,"Egypt, Arab Rep.",EGY,2019,YR2019,105618671,67.7,70.2,3.503,..
Food Prices for Nutrition 1.1,FPN 1.1,"Egypt, Arab Rep.",EGY,2020,YR2020,107465134,63.9,66.3,3.369,..
Food Prices for Nutrition 1.1,FPN 1.1,El Salvador,SLV,2017,YR2017,6266654,..,..,..,..
Food Prices for Nutrition 1.1,FPN 1.1,El Salvador,SLV,2018,YR2018,..,..,..,..,..
Food Prices for Nutrition 1.1,FPN 1.1,El Salvador,SLV,2019,YR2019,..,..,..,..,..
Food Prices for Nutrition 1.1,FPN 1.1,El Salvador,SLV,2020,YR2020,..,..,..,..,..
Food Prices for Nutrition 1.1,FPN 1.1,Equatorial Guinea,GNQ,2017,YR2017,1450694,..,..,3.526,0.365
Food Prices for Nutrition 1.1,FPN 1.1,Equatorial Guinea,GNQ,2018,YR2018,1502091,..,..,3.599,..
Food Prices for Nutrition 1.1,FPN 1.1,Equatorial Guinea,GNQ,2019,YR2019,1553031,..,..,3.635,..
Food Prices for Nutrition 1.1,FPN 1.1,Equatorial Guinea,GNQ,2020,YR2020,1596049,..,..,3.676,..
Food Prices for Nutrition 1.1,FPN 1.1,Estonia,EST,2017,YR2017,1317384,1,0,3.125,0.372
Food Prices for Nutrition 1.1,FPN 1.1,Estonia,EST,2018,YR2018,1321977,0.8,0,3.188,..
Food Prices for Nutrition 1.1,FPN 1.1,Estonia,EST,2019,YR2019,1326898,1.3,0,3.17,..
Food Prices for Nutrition 1.1,FPN 1.1,Estonia,EST,2020,YR2020,1329522,1.3,0,3.308,..
Food Prices for Nutrition 1.1,FPN 1.1,Eswatini,SWZ,2017,YR2017,1151390,77.1,0.9,3.428,0.562
Food Prices for Nutrition 1.1,FPN 1.1,Eswatini,SWZ,2018,YR2018,1160428,75.9,0.9,3.349,..
Food Prices for Nutrition 1.1,FPN 1.1,Eswatini,SWZ,2019,YR2019,1169613,75.3,0.9,3.395,..
Food Prices for Nutrition 1.1,FPN 1.1,Eswatini,SWZ,2020,YR2020,1180655,75,0.9,3.391,..
Food Prices for Nutrition 1.1,FPN 1.1,Ethiopia,ETH,2017,YR2017,108197950,85.8,92.8,3.108,2.188
Food Prices for Nutrition 1.1,FPN 1.1,Ethiopia,ETH,2018,YR2018,111129438,84,93.4,3.147,..
Food Prices for Nutrition 1.1,FPN 1.1,Ethiopia,ETH,2019,YR2019,114120594,83.3,92.6,3.29,..
Food Prices for Nutrition 1.1,FPN 1.1,Ethiopia,ETH,2020,YR2020,117190911,83.7,93.1,3.366,..
Food Prices for Nutrition 1.1,FPN 1.1,Europe & Central Asia,ECS,2017,YR2017,826577667,3.8,31.4,2.954,..
Food Prices for Nutrition 1.1,FPN 1.1,Europe & Central Asia,ECS,2018,YR2018,829040196,3.3,27.4,3.016,..
Food Prices for Nutrition 1.1,FPN 1.1,Europe & Central Asia,ECS,2019,YR2019,830965742,3.3,27.5,3.037,..
Food Prices for Nutrition 1.1,FPN 1.1,Europe & Central Asia,ECS,2020,YR2020,832392458,3.4,28.4,3.139,..
Food Prices for Nutrition 1.1,FPN 1.1,Fiji,FJI,2017,YR2017,919019,44.5,0.4,3.612,0.468
Food Prices for Nutrition 1.1,FPN 1.1,Fiji,FJI,2018,YR2018,918996,45.7,0.4,3.677,..
Food Prices for Nutrition 1.1,FPN 1.1,Fiji,FJI,2019,YR2019,918465,53,0.5,3.858,..
Food Prices for Nutrition 1.1,FPN 1.1,Fiji,FJI,2020,YR2020,920422,53.2,0.5,3.914,..
Food Prices for Nutrition 1.1,FPN 1.1,Finland,FIN,2017,YR2017,5508214,0.1,0,2.545,0.358
Food Prices for Nutrition 1.1,FPN 1.1,Finland,FIN,2018,YR2018,5515525,0.2,0,2.624,..
Food Prices for Nutrition 1.1,FPN 1.1,Finland,FIN,2019,YR2019,5521606,0.1,0,2.611,..
Food Prices for Nutrition 1.1,FPN 1.1,Finland,FIN,2020,YR2020,5529543,0.1,0,2.712,..
Food Prices for Nutrition 1.1,FPN 1.1,France,FRA,2017,YR2017,66918020,0.1,0,2.936,0.373
Food Prices for Nutrition 1.1,FPN 1.1,France,FRA,2018,YR2018,67158348,0.1,0.1,3.019,..
Food Prices for Nutrition 1.1,FPN 1.1,France,FRA,2019,YR2019,67388001,0.1,0.1,3.067,..
Food Prices for Nutrition 1.1,FPN 1.1,France,FRA,2020,YR2020,67571107,0.1,0.1,3.219,..
Food Prices for Nutrition 1.1,FPN 1.1,Gabon,GAB,2017,YR2017,2140215,28.5,0.6,3.358,0.773
Food Prices for Nutrition 1.1,FPN 1.1,Gabon,GAB,2018,YR2018,2192012,28.7,0.6,3.403,..
Food Prices for Nutrition 1.1,FPN 1.1,Gabon,GAB,2019,YR2019,2242785,28.5,0.6,3.485,..
Food Prices for Nutrition 1.1,FPN 1.1,Gabon,GAB,2020,YR2020,2292573,28.6,0.6,3.552,..
Food Prices for Nutrition 1.1,FPN 1.1,"Gambia, The",GMB,2017,YR2017,2381182,71.7,1.7,2.942,1.167
Food Prices for Nutrition 1.1,FPN 1.1,"Gambia, The",GMB,2018,YR2018,2444916,69.3,1.7,3.008,..
Food Prices for Nutrition 1.1,FPN 1.1,"Gambia, The",GMB,2019,YR2019,2508883,66.6,1.6,3.054,..
Food Prices for Nutrition 1.1,FPN 1.1,"Gambia, The",GMB,2020,YR2020,2573995,67,1.6,3.11,..
Food Prices for Nutrition 1.1,FPN 1.1,Germany,DEU,2017,YR2017,82657002,0.2,0.2,2.786,0.384
Food Prices for Nutrition 1.1,FPN 1.1,Germany,DEU,2018,YR2018,82905782,0.2,0.2,2.917,..
Food Prices for Nutrition 1.1,FPN 1.1,Germany,DEU,2019,YR2019,83092962,0.2,0.2,2.881,..
Food Prices for Nutrition 1.1,FPN 1.1,Germany,DEU,2020,YR2020,83160871,0.2,0.2,3.025,..
Food Prices for Nutrition 1.1,FPN 1.1,Ghana,GHA,2017,YR2017,30222262,80,24.2,3.767,2.288
Food Prices for Nutrition 1.1,FPN 1.1,Ghana,GHA,2018,YR2018,30870641,78.7,24.3,3.86,..
Food Prices for Nutrition 1.1,FPN 1.1,Ghana,GHA,2019,YR2019,31522290,77,23.8,3.941,..
Food Prices for Nutrition 1.1,FPN 1.1,Ghana,GHA,2020,YR2020,32180401,77.5,23.9,4.033,..
Food Prices for Nutrition 1.1,FPN 1.1,Greece,GRC,2017,YR2017,10754679,3.8,0.4,3.037,0.345
Food Prices for Nutrition 1.1,FPN 1.1,Greece,GRC,2018,YR2018,10732882,2.1,0.2,3.102,..
Food Prices for Nutrition 1.1,FPN 1.1,Greece,GRC,2019,YR2019,10721582,2.7,0.3,3.065,..
Food Prices for Nutrition 1.1,FPN 1.1,Greece,GRC,2020,YR2020,10698599,2.8,0.3,3.13,..
Food Prices for Nutrition 1.1,FPN 1.1,Grenada,GRD,2017,YR2017,120921,..,..,5.382,0.67
Food Prices for Nutrition 1.1,FPN 1.1,Grenada,GRD,2018,YR2018,121838,..,..,5.536,..
Food Prices for Nutrition 1.1,FPN 1.1,Grenada,GRD,2019,YR2019,122724,..,..,5.625,..
Food Prices for Nutrition 1.1,FPN 1.1,Grenada,GRD,2020,YR2020,123663,..,..,5.796,..
Food Prices for Nutrition 1.1,FPN 1.1,Guinea,GIN,2017,YR2017,12240789,88.4,10.8,3.655,0.995
Food Prices for Nutrition 1.1,FPN 1.1,Guinea,GIN,2018,YR2018,12554864,89,11.2,3.863,..
Food Prices for Nutrition 1.1,FPN 1.1,Guinea,GIN,2019,YR2019,12877539,88.9,11.2,4.001,..
Food Prices for Nutrition 1.1,FPN 1.1,Guinea,GIN,2020,YR2020,13205153,89.5,11.2,4.127,..
Food Prices for Nutrition 1.1,FPN 1.1,Guinea-Bissau,GNB,2017,YR2017,1879826,84.4,1.6,3.164,0.893
Food Prices for Nutrition 1.1,FPN 1.1,Guinea-Bissau,GNB,2018,YR2018,1924955,84.8,1.6,3.254,..
Food Prices for Nutrition 1.1,FPN 1.1,Guinea-Bissau,GNB,2019,YR2019,1970457,83,1.6,3.335,..
Food Prices for Nutrition 1.1,FPN 1.1,Guinea-Bissau,GNB,2020,YR2020,2015828,84.5,1.6,3.505,..
Food Prices for Nutrition 1.1,FPN 1.1,Guyana,GUY,2017,YR2017,763252,46.5,0.4,4.629,1.179
Food Prices for Nutrition 1.1,FPN 1.1,Guyana,GUY,2018,YR2018,785514,44.3,0.3,4.742,..
Food Prices for Nutrition 1.1,FPN 1.1,Guyana,GUY,2019,YR2019,798753,41.3,0.3,4.828,..
Food Prices for Nutrition 1.1,FPN 1.1,Guyana,GUY,2020,YR2020,797202,41.4,0.3,4.889,..
Food Prices for Nutrition 1.1,FPN 1.1,Haiti,HTI,2017,YR2017,10863543,85.5,9.3,3.93,1.476
Food Prices for Nutrition 1.1,FPN 1.1,Haiti,HTI,2018,YR2018,11012421,85.5,9.4,4.075,..
Food Prices for Nutrition 1.1,FPN 1.1,Haiti,HTI,2019,YR2019,11160438,87.6,9.6,4.275,..
Food Prices for Nutrition 1.1,FPN 1.1,Haiti,HTI,2020,YR2020,11306801,88.3,9.7,4.49,..
Food Prices for Nutrition 1.1,FPN 1.1,High income,HIC,2017,YR2017,1195574812,1.6,18.1,3.138,..
Food Prices for Nutrition 1.1,FPN 1.1,High income,HIC,2018,YR2018,1177825126,1.5,16.7,3.198,..
Food Prices for Nutrition 1.1,FPN 1.1,High income,HIC,2019,YR2019,1183015183,1.3,15,3.225,..
Food Prices for Nutrition 1.1,FPN 1.1,High income,HIC,2020,YR2020,1187991911,1.4,15.7,3.354,..
Food Prices for Nutrition 1.1,FPN 1.1,Honduras,HND,2017,YR2017,9626842,48.5,4.7,3.36,0.956
Food Prices for Nutrition 1.1,FPN 1.1,Honduras,HND,2018,YR2018,9792850,48,4.7,3.415,..
Food Prices for Nutrition 1.1,FPN 1.1,Honduras,HND,2019,YR2019,9958829,46.5,4.6,3.404,..
Food Prices for Nutrition 1.1,FPN 1.1,Honduras,HND,2020,YR2020,10121763,46.9,4.6,3.486,..
Food Prices for Nutrition 1.1,FPN 1.1,"Hong Kong SAR, China",HKG,2017,YR2017,7393200,..,..,3.659,0.321
Food Prices for Nutrition 1.1,FPN 1.1,"Hong Kong SAR, China",HKG,2018,YR2018,7452600,..,..,3.819,..
Food Prices for Nutrition 1.1,FPN 1.1,"Hong Kong SAR, China",HKG,2019,YR2019,7507900,..,..,4.147,..
Food Prices for Nutrition 1.1,FPN 1.1,"Hong Kong SAR, China",HKG,2020,YR2020,7481000,..,..,4.513,..
Food Prices for Nutrition 1.1,FPN 1.1,Hungary,HUN,2017,YR2017,9787966,3.7,0.4,3.302,0.491
Food Prices for Nutrition 1.1,FPN 1.1,Hungary,HUN,2018,YR2018,9775564,2.4,0.2,3.383,..
Food Prices for Nutrition 1.1,FPN 1.1,Hungary,HUN,2019,YR2019,9771141,2.1,0.2,3.368,..
Food Prices for Nutrition 1.1,FPN 1.1,Hungary,HUN,2020,YR2020,9750149,2.2,0.2,3.488,..
Food Prices for Nutrition 1.1,FPN 1.1,Iceland,ISL,2017,YR2017,343400,0,0,2.213,0.247
Food Prices for Nutrition 1.1,FPN 1.1,Iceland,ISL,2018,YR2018,352721,0,0,2.247,..
Food Prices for Nutrition 1.1,FPN 1.1,Iceland,ISL,2019,YR2019,360563,0,0,2.234,..
Food Prices for Nutrition 1.1,FPN 1.1,Iceland,ISL,2020,YR2020,366463,0,0,2.414,..
Food Prices for Nutrition 1.1,FPN 1.1,India,IND,2017,YR2017,1354195680,78.8,1067.4,2.824,0.979
Food Prices for Nutrition 1.1,FPN 1.1,India,IND,2018,YR2018,1369003306,73.2,1001.9,2.83,..
Food Prices for Nutrition 1.1,FPN 1.1,India,IND,2019,YR2019,1383112050,71.1,973,2.877,..
Food Prices for Nutrition 1.1,FPN 1.1,India,IND,2020,YR2020,1396387127,72.2,988.2,2.97,..
Food Prices for Nutrition 1.1,FPN 1.1,Indonesia,IDN,2017,YR2017,264498852,72.8,192.5,4.129,0.844
Food Prices for Nutrition 1.1,FPN 1.1,Indonesia,IDN,2018,YR2018,267066843,71,189.6,4.273,..
Food Prices for Nutrition 1.1,FPN 1.1,Indonesia,IDN,2019,YR2019,269582878,69.5,185.7,4.268,..
Food Prices for Nutrition 1.1,FPN 1.1,Indonesia,IDN,2020,YR2020,271857970,71.3,190.3,4.466,..
Food Prices for Nutrition 1.1,FPN 1.1,"Iran, Islamic Rep.",IRN,2017,YR2017,84505076,14.4,12.1,3.005,0.753
Food Prices for Nutrition 1.1,FPN 1.1,"Iran, Islamic Rep.",IRN,2018,YR2018,85617562,16.6,14.2,3.212,..
Food Prices for Nutrition 1.1,FPN 1.1,"Iran, Islamic Rep.",IRN,2019,YR2019,86564202,26,22.2,3.642,..
Food Prices for Nutrition 1.1,FPN 1.1,"Iran, Islamic Rep.",IRN,2020,YR2020,87290193,24.1,20.6,3.55,..
Food Prices for Nutrition 1.1,FPN 1.1,Iraq,IRQ,2017,YR2017,39621162,17.2,6.8,3.378,0.726
Food Prices for Nutrition 1.1,FPN 1.1,Iraq,IRQ,2018,YR2018,40590700,17.1,6.9,3.464,..
Food Prices for Nutrition 1.1,FPN 1.1,Iraq,IRQ,2019,YR2019,41563520,15.5,6.3,3.534,..
Food Prices for Nutrition 1.1,FPN 1.1,Iraq,IRQ,2020,YR2020,42556984,15,6.1,3.54,..
Food Prices for Nutrition 1.1,FPN 1.1,Ireland,IRL,2017,YR2017,4807388,0.4,0,2.397,0.491
Food Prices for Nutrition 1.1,FPN 1.1,Ireland,IRL,2018,YR2018,4867316,0.1,0,2.341,..
Food Prices for Nutrition 1.1,FPN 1.1,Ireland,IRL,2019,YR2019,4934340,0.1,0,2.269,..
Food Prices for Nutrition 1.1,FPN 1.1,Ireland,IRL,2020,YR2020,4985382,0.1,0,2.225,..
Food Prices for Nutrition 1.1,FPN 1.1,Israel,ISR,2017,YR2017,8713300,1.9,0.2,2.436,0.299
Food Prices for Nutrition 1.1,FPN 1.1,Israel,ISR,2018,YR2018,8882800,1.2,0.1,2.5,..
Food Prices for Nutrition 1.1,FPN 1.1,Israel,ISR,2019,YR2019,9054000,1.2,0.1,2.454,..
Food Prices for Nutrition 1.1,FPN 1.1,Israel,ISR,2020,YR2020,9215100,1.2,0.1,2.492,..
Food Prices for Nutrition 1.1,FPN 1.1,Italy,ITA,2017,YR2017,60536709,2.8,1.7,2.885,0.325
Food Prices for Nutrition 1.1,FPN 1.1,Italy,ITA,2018,YR2018,60421760,2.8,1.7,2.979,..
Food Prices for Nutrition 1.1,FPN 1.1,Italy,ITA,2019,YR2019,59729081,2.7,1.7,3.012,..
Food Prices for Nutrition 1.1,FPN 1.1,Italy,ITA,2020,YR2020,59438851,2.8,1.7,3.144,..
Food Prices for Nutrition 1.1,FPN 1.1,Jamaica,JAM,2017,YR2017,2808376,58.7,1.6,5.975,0.917
Food Prices for Nutrition 1.1,FPN 1.1,Jamaica,JAM,2018,YR2018,2811835,58.1,1.6,6.141,..
Food Prices for Nutrition 1.1,FPN 1.1,Jamaica,JAM,2019,YR2019,2813773,59.1,1.7,6.398,..
Food Prices for Nutrition 1.1,FPN 1.1,Jamaica,JAM,2020,YR2020,2820436,60.7,1.7,6.681,..
Food Prices for Nutrition 1.1,FPN 1.1,Japan,JPN,2017,YR2017,126972000,2.7,3.4,5.529,0.64
Food Prices for Nutrition 1.1,FPN 1.1,Japan,JPN,2018,YR2018,126811000,2.7,3.4,5.701,..
Food Prices for Nutrition 1.1,FPN 1.1,Japan,JPN,2019,YR2019,126633000,2.5,3.2,5.609,..
Food Prices for Nutrition 1.1,FPN 1.1,Japan,JPN,2020,YR2020,126261000,2.7,3.4,5.808,..
Food Prices for Nutrition 1.1,FPN 1.1,Jordan,JOR,2017,YR2017,10215381,3.9,0.4,3.412,0.732
Food Prices for Nutrition 1.1,FPN 1.1,Jordan,JOR,2018,YR2018,10459865,3.6,0.4,3.454,..
Food Prices for Nutrition 1.1,FPN 1.1,Jordan,JOR,2019,YR2019,10698683,3.2,0.3,3.5,..
Food Prices for Nutrition 1.1,FPN 1.1,Jordan,JOR,2020,YR2020,10928721,3.6,0.4,3.614,..
Food Prices for Nutrition 1.1,FPN 1.1,Kazakhstan,KAZ,2017,YR2017,18037776,2.5,0.5,2.391,0.283
Food Prices for Nutrition 1.1,FPN 1.1,Kazakhstan,KAZ,2018,YR2018,18276452,1.7,0.3,2.426,..
Food Prices for Nutrition 1.1,FPN 1.1,Kazakhstan,KAZ,2019,YR2019,18513673,1.6,0.3,2.537,..
Food Prices for Nutrition 1.1,FPN 1.1,Kazakhstan,KAZ,2020,YR2020,18755666,1.9,0.3,2.657,..
Food Prices for Nutrition 1.1,FPN 1.1,Kenya,KEN,2017,YR2017,48948137,77.5,37.9,2.846,0.79
Food Prices for Nutrition 1.1,FPN 1.1,Kenya,KEN,2018,YR2018,49953304,74.8,37.4,2.823,..
Food Prices for Nutrition 1.1,FPN 1.1,Kenya,KEN,2019,YR2019,50951450,74.1,37,2.907,..
Food Prices for Nutrition 1.1,FPN 1.1,Kenya,KEN,2020,YR2020,51985780,74.5,37.2,2.968,..
Food Prices for Nutrition 1.1,FPN 1.1,"Korea, Rep.",KOR,2017,YR2017,51361911,2.2,1.2,4.712,0.908
Food Prices for Nutrition 1.1,FPN 1.1,"Korea, Rep.",KOR,2018,YR2018,51585058,2,1,4.9,..
Food Prices for Nutrition 1.1,FPN 1.1,"Korea, Rep.",KOR,2019,YR2019,51764822,1.7,0.9,4.8,..
Food Prices for Nutrition 1.1,FPN 1.1,"Korea, Rep.",KOR,2020,YR2020,51836239,2.2,1.2,5.183,..
Food Prices for Nutrition 1.1,FPN 1.1,Kuwait,KWT,2017,YR2017,4124904,..,..,3.344,0.526
Food Prices for Nutrition 1.1,FPN 1.1,Kuwait,KWT,2018,YR2018,4317185,..,..,3.407,..
Food Prices for Nutrition 1.1,FPN 1.1,Kuwait,KWT,2019,YR2019,4441100,..,..,3.468,..
Food Prices for Nutrition 1.1,FPN 1.1,Kuwait,KWT,2020,YR2020,4360444,..,..,3.606,..
Food Prices for Nutrition 1.1,FPN 1.1,Kyrgyz Republic,KGZ,2017,YR2017,6198200,56.3,3.5,2.97,0.676
Food Prices for Nutrition 1.1,FPN 1.1,Kyrgyz Republic,KGZ,2018,YR2018,6322800,47.2,3,2.931,..
Food Prices for Nutrition 1.1,FPN 1.1,Kyrgyz Republic,KGZ,2019,YR2019,6456200,45,2.8,2.991,..
Food Prices for Nutrition 1.1,FPN 1.1,Kyrgyz Republic,KGZ,2020,YR2020,6579900,49.3,3.1,3.18,..
Food Prices for Nutrition 1.1,FPN 1.1,Lao PDR,LAO,2017,YR2017,6997917,75.3,5.3,3.776,0.894
Food Prices for Nutrition 1.1,FPN 1.1,Lao PDR,LAO,2018,YR2018,7105006,73.6,5.2,3.838,..
Food Prices for Nutrition 1.1,FPN 1.1,Lao PDR,LAO,2019,YR2019,7212053,72.7,5.2,3.959,..
Food Prices for Nutrition 1.1,FPN 1.1,Lao PDR,LAO,2020,YR2020,7319399,74.3,5.3,4.141,..
Food Prices for Nutrition 1.1,FPN 1.1,Latin America & Caribbean,LCN,2017,YR2017,572342871,22.1,124.5,3.619,..
Food Prices for Nutrition 1.1,FPN 1.1,Latin America & Caribbean,LCN,2018,YR2018,572237142,20.9,119.2,3.687,..
Food Prices for Nutrition 1.1,FPN 1.1,Latin America & Caribbean,LCN,2019,YR2019,578509517,21,119.8,3.767,..
Food Prices for Nutrition 1.1,FPN 1.1,Latin America & Caribbean,LCN,2020,YR2020,583891678,22.1,126,3.894,..
Food Prices for Nutrition 1.1,FPN 1.1,Latvia,LVA,2017,YR2017,1942248,3.4,0.1,3.124,0.428
Food Prices for Nutrition 1.1,FPN 1.1,Latvia,LVA,2018,YR2018,1927174,2.4,0,3.13,..
Food Prices for Nutrition 1.1,FPN 1.1,Latvia,LVA,2019,YR2019,1913822,1.7,0,3.132,..
Food Prices for Nutrition 1.1,FPN 1.1,Latvia,LVA,2020,YR2020,1900449,1.8,0,3.24,..
Food Prices for Nutrition 1.1,FPN 1.1,Lesotho,LSO,2017,YR2017,2170617,83.2,1.8,3.77,1.463
Food Prices for Nutrition 1.1,FPN 1.1,Lesotho,LSO,2018,YR2018,2198017,83.5,1.8,3.878,..
Food Prices for Nutrition 1.1,FPN 1.1,Lesotho,LSO,2019,YR2019,2225702,84.4,1.9,4.01,..
Food Prices for Nutrition 1.1,FPN 1.1,Lesotho,LSO,2020,YR2020,2254100,86,1.9,4.266,..
Food Prices for Nutrition 1.1,FPN 1.1,Liberia,LBR,2017,YR2017,4796631,92.1,4.4,4.018,5.272
Food Prices for Nutrition 1.1,FPN 1.1,Liberia,LBR,2018,YR2018,4889391,91.8,4.5,4.03160712053957,..
Food Prices for Nutrition 1.1,FPN 1.1,Liberia,LBR,2019,YR2019,4985289,91.6,4.5,3.847,..
Food Prices for Nutrition 1.1,FPN 1.1,Liberia,LBR,2020,YR2020,5087584,91.6,4.5,3.903,..
Food Prices for Nutrition 1.1,FPN 1.1,Lithuania,LTU,2017,YR2017,2828403,3.3,0.1,3.003,0.263
Food Prices for Nutrition 1.1,FPN 1.1,Lithuania,LTU,2018,YR2018,2801543,2.3,0.1,3.042,..
Food Prices for Nutrition 1.1,FPN 1.1,Lithuania,LTU,2019,YR2019,2794137,1.2,0,3.039,..
Food Prices for Nutrition 1.1,FPN 1.1,Lithuania,LTU,2020,YR2020,2794885,1.2,0,3.099,..
Food Prices for Nutrition 1.1,FPN 1.1,Low income,LIC,2017,YR2017,487090766,88.7,424.9,3.084,..
Food Prices for Nutrition 1.1,FPN 1.1,Low income,LIC,2018,YR2018,493673305,87,429.5,3.094,..
Food Prices for Nutrition 1.1,FPN 1.1,Low income,LIC,2019,YR2019,508292231,83.5,424.3,3.117,..
Food Prices for Nutrition 1.1,FPN 1.1,Low income,LIC,2020,YR2020,523220794,81.2,424.8,3.202,..
Food Prices for Nutrition 1.1,FPN 1.1,Lower middle income,LMC,2017,YR2017,3148189256,72.4,2263.2,3.398,..
Food Prices for Nutrition 1.1,FPN 1.1,Lower middle income,LMC,2018,YR2018,3185860100,69.3,2196.3,3.435,..
Food Prices for Nutrition 1.1,FPN 1.1,Lower middle income,LMC,2019,YR2019,3229603540,67.4,2166.7,3.596,..
Food Prices for Nutrition 1.1,FPN 1.1,Lower middle income,LMC,2020,YR2020,3272808843,67.4,2195.2,3.701,..
Food Prices for Nutrition 1.1,FPN 1.1,Luxembourg,LUX,2017,YR2017,596336,0.4,0,2.492,0.298
Food Prices for Nutrition 1.1,FPN 1.1,Luxembourg,LUX,2018,YR2018,607950,0.4,0,2.627,..
Food Prices for Nutrition 1.1,FPN 1.1,Luxembourg,LUX,2019,YR2019,620001,0.1,0,2.6,..
Food Prices for Nutrition 1.1,FPN 1.1,Luxembourg,LUX,2020,YR2020,630419,0.1,0,2.661,..
Food Prices for Nutrition 1.1,FPN 1.1,Madagascar,MDG,2017,YR2017,26169542,97.1,25.4,2.987,1.627
Food Prices for Nutrition 1.1,FPN 1.1,Madagascar,MDG,2018,YR2018,26846541,97.3,26.1,3.122,..
Food Prices for Nutrition 1.1,FPN 1.1,Madagascar,MDG,2019,YR2019,27533134,97.1,26.1,3.154,..
Food Prices for Nutrition 1.1,FPN 1.1,Madagascar,MDG,2020,YR2020,28225177,97.1,26.1,3.181,..
Food Prices for Nutrition 1.1,FPN 1.1,Malawi,MWI,2017,YR2017,17881167,94.5,16.9,2.724,2.095
Food Prices for Nutrition 1.1,FPN 1.1,Malawi,MWI,2018,YR2018,18367883,94.8,17.4,2.787,..
Food Prices for Nutrition 1.1,FPN 1.1,Malawi,MWI,2019,YR2019,18867337,95.4,17.5,2.989,..
Food Prices for Nutrition 1.1,FPN 1.1,Malawi,MWI,2020,YR2020,19377061,95.7,17.6,3.149,..
Food Prices for Nutrition 1.1,FPN 1.1,Malaysia,MYS,2017,YR2017,31975806,2.9,0.9,3.224,0.371
Food Prices for Nutrition 1.1,FPN 1.1,Malaysia,MYS,2018,YR2018,32399271,2.3,0.7,3.319,..
Food Prices for Nutrition 1.1,FPN 1.1,Malaysia,MYS,2019,YR2019,32804020,1.9,0.6,3.412,..
Food Prices for Nutrition 1.1,FPN 1.1,Malaysia,MYS,2020,YR2020,33199993,2,0.7,3.538,..
Food Prices for Nutrition 1.1,FPN 1.1,Maldives,MDV,2017,YR2017,472442,4,0,3.581,1.225
Food Prices for Nutrition 1.1,FPN 1.1,Maldives,MDV,2018,YR2018,489758,2.3,0,3.634,..
Food Prices for Nutrition 1.1,FPN 1.1,Maldives,MDV,2019,YR2019,504508,1.1,0,3.662,..
Food Prices for Nutrition 1.1,FPN 1.1,Maldives,MDV,2020,YR2020,514438,1.3,0,3.861,..
Food Prices for Nutrition 1.1,FPN 1.1,Mali,MLI,2017,YR2017,19311355,77,14.9,2.9,1.126
Food Prices for Nutrition 1.1,FPN 1.1,Mali,MLI,2018,YR2018,19934298,74.4,14.8,3.035,..
Food Prices for Nutrition 1.1,FPN 1.1,Mali,MLI,2019,YR2019,20567424,69.6,13.9,2.96,..
Food Prices for Nutrition 1.1,FPN 1.1,Mali,MLI,2020,YR2020,21224040,70.3,14,3.053,..
Food Prices for Nutrition 1.1,FPN 1.1,Malta,MLT,2017,YR2017,467999,0.3,0,3.494,0.512
Food Prices for Nutrition 1.1,FPN 1.1,Malta,MLT,2018,YR2018,484630,0.3,0,3.629,..
Food Prices for Nutrition 1.1,FPN 1.1,Malta,MLT,2019,YR2019,504062,0.7,0,3.698,..
Food Prices for Nutrition 1.1,FPN 1.1,Malta,MLT,2020,YR2020,515332,0.7,0,3.769,..
Food Prices for Nutrition 1.1,FPN 1.1,Mauritania,MRT,2017,YR2017,4160015,62.1,2.6,3.451,1.036
Food Prices for Nutrition 1.1,FPN 1.1,Mauritania,MRT,2018,YR2018,4270712,61.8,2.6,3.574,..
Food Prices for Nutrition 1.1,FPN 1.1,Mauritania,MRT,2019,YR2019,4383849,60.2,2.6,3.6541,..
Food Prices for Nutrition 1.1,FPN 1.1,Mauritania,MRT,2020,YR2020,4498604,60.1,2.6,3.692,..
Food Prices for Nutrition 1.1,FPN 1.1,Mauritius,MUS,2017,YR2017,1264613,10.9,0.1,3.313,0.318
Food Prices for Nutrition 1.1,FPN 1.1,Mauritius,MUS,2018,YR2018,1265303,9.6,0.1,3.396,..
Food Prices for Nutrition 1.1,FPN 1.1,Mauritius,MUS,2019,YR2019,1265711,8.6,0.1,3.439,..
Food Prices for Nutrition 1.1,FPN 1.1,Mauritius,MUS,2020,YR2020,1265740,9.6,0.1,3.604,..
Food Prices for Nutrition 1.1,FPN 1.1,Mexico,MEX,2017,YR2017,122839258,24.3,29.8,2.993,0.38
Food Prices for Nutrition 1.1,FPN 1.1,Mexico,MEX,2018,YR2018,124013861,23.1,28.7,3.071,..
Food Prices for Nutrition 1.1,FPN 1.1,Mexico,MEX,2019,YR2019,125085311,22.1,27.4,3.075,..
Food Prices for Nutrition 1.1,FPN 1.1,Mexico,MEX,2020,YR2020,125998302,24.5,30.4,3.293,..
Food Prices for Nutrition 1.1,FPN 1.1,Middle East & North Africa,MEA,2017,YR2017,395380211,32.3,112.6,3.14,..
Food Prices for Nutrition 1.1,FPN 1.1,Middle East & North Africa,MEA,2018,YR2018,402520882,33.3,118.1,3.223,..
Food Prices for Nutrition 1.1,FPN 1.1,Middle East & North Africa,MEA,2019,YR2019,409205838,34.3,121.6,3.308,..
Food Prices for Nutrition 1.1,FPN 1.1,Middle East & North Africa,MEA,2020,YR2020,414593143,32.5,115.1,3.37,..
Food Prices for Nutrition 1.1,FPN 1.1,Moldova,MDA,2017,YR2017,2755189,3.5,0.1,2.46,0.355
Food Prices for Nutrition 1.1,FPN 1.1,Moldova,MDA,2018,YR2018,2707203,2.8,0.1,2.571,..
Food Prices for Nutrition 1.1,FPN 1.1,Moldova,MDA,2019,YR2019,2664224,3.3,0.1,2.687,..
Food Prices for Nutrition 1.1,FPN 1.1,Moldova,MDA,2020,YR2020,2635130,3.9,0.1,2.814,..
Food Prices for Nutrition 1.1,FPN 1.1,Mongolia,MNG,2017,YR2017,3096030,58.2,1.8,4.544,0.979
Food Prices for Nutrition 1.1,FPN 1.1,Mongolia,MNG,2018,YR2018,3163991,55.2,1.7,4.667,..
Food Prices for Nutrition 1.1,FPN 1.1,Mongolia,MNG,2019,YR2019,3232430,52.4,1.7,4.901,..
Food Prices for Nutrition 1.1,FPN 1.1,Mongolia,MNG,2020,YR2020,3294335,54,1.7,5.103,..
Food Prices for Nutrition 1.1,FPN 1.1,Montenegro,MNE,2017,YR2017,622373,15.9,0.1,3.397,0.31
Food Prices for Nutrition 1.1,FPN 1.1,Montenegro,MNE,2018,YR2018,622227,17.1,0.1,3.414,..
Food Prices for Nutrition 1.1,FPN 1.1,Montenegro,MNE,2019,YR2019,622028,16.3,0.1,3.509,..
Food Prices for Nutrition 1.1,FPN 1.1,Montenegro,MNE,2020,YR2020,621306,16,0.1,3.494,..
Food Prices for Nutrition 1.1,FPN 1.1,Montserrat,MSR,2017,YR2017,..,..,..,4.883,0.784
Food Prices for Nutrition 1.1,FPN 1.1,Montserrat,MSR,2018,YR2018,..,..,..,..,..
Food Prices for Nutrition 1.1,FPN 1.1,Montserrat,MSR,2019,YR2019,..,..,..,..,..
Food Prices for Nutrition 1.1,FPN 1.1,Montserrat,MSR,2020,YR2020,..,..,..,..,..
Food Prices for Nutrition 1.1,FPN 1.1,Morocco,MAR,2017,YR2017,35528115,21.4,7.6,2.71,0.641
Food Prices for Nutrition 1.1,FPN 1.1,Morocco,MAR,2018,YR2018,35927511,19.9,7.1,2.752,..
Food Prices for Nutrition 1.1,FPN 1.1,Morocco,MAR,2019,YR2019,36304408,18.8,6.8,2.759,..
Food Prices for Nutrition 1.1,FPN 1.1,Morocco,MAR,2020,YR2020,36688772,18.9,6.8,2.797,..
Food Prices for Nutrition 1.1,FPN 1.1,Mozambique,MOZ,2017,YR2017,28569441,91.1,26,3.031,1.932
Food Prices for Nutrition 1.1,FPN 1.1,Mozambique,MOZ,2018,YR2018,29423878,90.6,26.6,2.988,..
Food Prices for Nutrition 1.1,FPN 1.1,Mozambique,MOZ,2019,YR2019,30285595,90.7,26.7,3.057,..
Food Prices for Nutrition 1.1,FPN 1.1,Mozambique,MOZ,2020,YR2020,31178239,91.3,26.9,3.228,..
Food Prices for Nutrition 1.1,FPN 1.1,Myanmar,MMR,2017,YR2017,52288341,71,37.1,3.706,1.034
Food Prices for Nutrition 1.1,FPN 1.1,Myanmar,MMR,2018,YR2018,52666014,66.4,35,3.786,..
Food Prices for Nutrition 1.1,FPN 1.1,Myanmar,MMR,2019,YR2019,53040212,63.1,33.2,3.861,..
Food Prices for Nutrition 1.1,FPN 1.1,Myanmar,MMR,2020,YR2020,53423198,68.2,35.9,4.186,..
Food Prices for Nutrition 1.1,FPN 1.1,Namibia,NAM,2017,YR2017,2364534,55.5,1.3,3.255,0.979
Food Prices for Nutrition 1.1,FPN 1.1,Namibia,NAM,2018,YR2018,2405680,55.4,1.3,3.3,..
Food Prices for Nutrition 1.1,FPN 1.1,Namibia,NAM,2019,YR2019,2446644,56.9,1.4,3.378,..
Food Prices for Nutrition 1.1,FPN 1.1,Namibia,NAM,2020,YR2020,2489098,57.8,1.4,3.52,..
Food Prices for Nutrition 1.1,FPN 1.1,Nepal,NPL,2017,YR2017,28183426,79.9,22.5,4.127,1.057
Food Prices for Nutrition 1.1,FPN 1.1,Nepal,NPL,2018,YR2018,28506712,76.6,21.8,4.145,..
Food Prices for Nutrition 1.1,FPN 1.1,Nepal,NPL,2019,YR2019,28832496,74.5,21.2,4.222,..
Food Prices for Nutrition 1.1,FPN 1.1,Nepal,NPL,2020,YR2020,29348627,75.5,21.5,4.362,..
Food Prices for Nutrition 1.1,FPN 1.1,Netherlands,NLD,2017,YR2017,17131296,0.4,0.1,2.743,0.394
Food Prices for Nutrition 1.1,FPN 1.1,Netherlands,NLD,2018,YR2018,17231624,0.3,0,2.821,..
Food Prices for Nutrition 1.1,FPN 1.1,Netherlands,NLD,2019,YR2019,17344874,0.2,0,2.844,..
Food Prices for Nutrition 1.1,FPN 1.1,Netherlands,NLD,2020,YR2020,17441500,0.2,0,2.991,..
Food Prices for Nutrition 1.1,FPN 1.1,New Zealand,NZL,2017,YR2017,4813600,..,..,2.671,0.319
Food Prices for Nutrition 1.1,FPN 1.1,New Zealand,NZL,2018,YR2018,4900600,..,..,2.589,..
Food Prices for Nutrition 1.1,FPN 1.1,New Zealand,NZL,2019,YR2019,4979200,..,..,2.692,..
Food Prices for Nutrition 1.1,FPN 1.1,New Zealand,NZL,2020,YR2020,5090200,..,..,2.723,..
Food Prices for Nutrition 1.1,FPN 1.1,Nicaragua,NIC,2017,YR2017,6480532,31.9,2.1,3.191,0.935
Food Prices for Nutrition 1.1,FPN 1.1,Nicaragua,NIC,2018,YR2018,6572233,34.2,2.2,3.245,..
Food Prices for Nutrition 1.1,FPN 1.1,Nicaragua,NIC,2019,YR2019,6663924,35.3,2.3,3.279,..
Food Prices for Nutrition 1.1,FPN 1.1,Nicaragua,NIC,2020,YR2020,6755895,35.5,2.3,3.335,..
Food Prices for Nutrition 1.1,FPN 1.1,Niger,NER,2017,YR2017,21737922,92.9,20.2,2.85,4.064
Food Prices for Nutrition 1.1,FPN 1.1,Niger,NER,2018,YR2018,22577058,91.4,20.6,2.812,..
Food Prices for Nutrition 1.1,FPN 1.1,Niger,NER,2019,YR2019,23443393,90.4,20.4,2.792,..
Food Prices for Nutrition 1.1,FPN 1.1,Niger,NER,2020,YR2020,24333639,90.7,20.5,2.859,..
Food Prices for Nutrition 1.1,FPN 1.1,Nigeria,NGA,2017,YR2017,193495907,90.2,174.6,3.565,0.603
Food Prices for Nutrition 1.1,FPN 1.1,Nigeria,NGA,2018,YR2018,198387623,91.1,180.6,3.724,..
Food Prices for Nutrition 1.1,FPN 1.1,Nigeria,NGA,2019,YR2019,203304492,91.8,182.2,3.87,..
Food Prices for Nutrition 1.1,FPN 1.1,Nigeria,NGA,2020,YR2020,208327405,92.9,184.2,4.093,..
Food Prices for Nutrition 1.1,FPN 1.1,North America,NAC,2017,YR2017,361731237,1.9,6.8,3.386,..
Food Prices for Nutrition 1.1,FPN 1.1,North America,NAC,2018,YR2018,363967201,1.6,6,3.331,..
Food Prices for Nutrition 1.1,FPN 1.1,North America,NAC,2019,YR2019,365995094,1.4,5.2,3.325,..
Food Prices for Nutrition 1.1,FPN 1.1,North America,NAC,2020,YR2020,369602177,1.4,5.2,3.336,..
Food Prices for Nutrition 1.1,FPN 1.1,North Macedonia,MKD,2017,YR2017,2074502,20.1,0.4,3.318,0.434
Food Prices for Nutrition 1.1,FPN 1.1,North Macedonia,MKD,2018,YR2018,2076217,17.6,0.4,3.31,..
Food Prices for Nutrition 1.1,FPN 1.1,North Macedonia,MKD,2019,YR2019,2076694,16.1,0.3,3.336,..
Food Prices for Nutrition 1.1,FPN 1.1,North Macedonia,MKD,2020,YR2020,2072531,16.4,0.3,3.427,..
Food Prices for Nutrition 1.1,FPN 1.1,Norway,NOR,2017,YR2017,5276968,0.6,0,3.325,0.446
Food Prices for Nutrition 1.1,FPN 1.1,Norway,NOR,2018,YR2018,5311916,0.4,0,3.432,..
Food Prices for Nutrition 1.1,FPN 1.1,Norway,NOR,2019,YR2019,5347896,0.4,0,3.356,..
Food Prices for Nutrition 1.1,FPN 1.1,Norway,NOR,2020,YR2020,5379475,0.4,0,3.471,..
Food Prices for Nutrition 1.1,FPN 1.1,Oman,OMN,2017,YR2017,4541854,..,..,2.815,0.39
Food Prices for Nutrition 1.1,FPN 1.1,Oman,OMN,2018,YR2018,4601157,..,..,2.838,..
Food Prices for Nutrition 1.1,FPN 1.1,Oman,OMN,2019,YR2019,4602768,..,..,2.921,..
Food Prices for Nutrition 1.1,FPN 1.1,Oman,OMN,2020,YR2020,4543399,..,..,3.021,..
Food Prices for Nutrition 1.1,FPN 1.1,Pakistan,PAK,2017,YR2017,216379655,80.4,174,3.408,0.928
Food Prices for Nutrition 1.1,FPN 1.1,Pakistan,PAK,2018,YR2018,219731479,79.7,175.1,3.395,..
Food Prices for Nutrition 1.1,FPN 1.1,Pakistan,PAK,2019,YR2019,223293280,81.9,180,3.46,..
Food Prices for Nutrition 1.1,FPN 1.1,Pakistan,PAK,2020,YR2020,227196741,84.1,184.8,3.685,..
Food Prices for Nutrition 1.1,FPN 1.1,Panama,PAN,2017,YR2017,4096063,17.5,0.7,4.225,0.516
Food Prices for Nutrition 1.1,FPN 1.1,Panama,PAN,2018,YR2018,4165255,15.5,0.6,4.268,..
Food Prices for Nutrition 1.1,FPN 1.1,Panama,PAN,2019,YR2019,4232532,15.2,0.6,4.382,..
Food Prices for Nutrition 1.1,FPN 1.1,Panama,PAN,2020,YR2020,4294396,15.5,0.6,4.476,..
Food Prices for Nutrition 1.1,FPN 1.1,Paraguay,PRY,2017,YR2017,6355404,19.9,1.3,3.43,0.585
Food Prices for Nutrition 1.1,FPN 1.1,Paraguay,PRY,2018,YR2018,6443328,18.3,1.2,3.511,..
Food Prices for Nutrition 1.1,FPN 1.1,Paraguay,PRY,2019,YR2019,6530026,17.7,1.1,3.519,..
Food Prices for Nutrition 1.1,FPN 1.1,Paraguay,PRY,2020,YR2020,6618695,17.3,1.1,3.543,..
Food Prices for Nutrition 1.1,FPN 1.1,Peru,PER,2017,YR2017,31605486,26.6,8.4,3.084,0.696
Food Prices for Nutrition 1.1,FPN 1.1,Peru,PER,2018,YR2018,32203944,23.4,7.5,3.061,..
Food Prices for Nutrition 1.1,FPN 1.1,Peru,PER,2019,YR2019,32824861,23.3,7.5,3.248,..
Food Prices for Nutrition 1.1,FPN 1.1,Peru,PER,2020,YR2020,33304756,23.3,7.5,3.285,..
Food Prices for Nutrition 1.1,FPN 1.1,Philippines,PHL,2017,YR2017,106738501,70,74.8,3.843,0.586
Food Prices for Nutrition 1.1,FPN 1.1,Philippines,PHL,2018,YR2018,108568836,70,76,3.998,..
Food Prices for Nutrition 1.1,FPN 1.1,Philippines,PHL,2019,YR2019,110380804,67.6,73.4,4.054,..
Food Prices for Nutrition 1.1,FPN 1.1,Philippines,PHL,2020,YR2020,112190977,67.6,73.4,4.108,..
Food Prices for Nutrition 1.1,FPN 1.1,Poland,POL,2017,YR2017,37974826,1,0.4,2.909,0.381
Food Prices for Nutrition 1.1,FPN 1.1,Poland,POL,2018,YR2018,37974750,1.5,0.6,2.986,..
Food Prices for Nutrition 1.1,FPN 1.1,Poland,POL,2019,YR2019,37965475,0.9,0.3,3.038,..
Food Prices for Nutrition 1.1,FPN 1.1,Poland,POL,2020,YR2020,37899070,1,0.4,3.17,..
Food Prices for Nutrition 1.1,FPN 1.1,Portugal,PRT,2017,YR2017,10300300,1.1,0.1,2.513,0.278
Food Prices for Nutrition 1.1,FPN 1.1,Portugal,PRT,2018,YR2018,10283822,1.1,0.1,2.596,..
Food Prices for Nutrition 1.1,FPN 1.1,Portugal,PRT,2019,YR2019,10286263,0.5,0.1,2.579,..
Food Prices for Nutrition 1.1,FPN 1.1,Portugal,PRT,2020,YR2020,10297081,0.5,0.1,2.656,..
Food Prices for Nutrition 1.1,FPN 1.1,Qatar,QAT,2017,YR2017,2711755,..,..,2.375,0.466
Food Prices for Nutrition 1.1,FPN 1.1,Qatar,QAT,2018,YR2018,2766732,..,..,2.426,..
Food Prices for Nutrition 1.1,FPN 1.1,Qatar,QAT,2019,YR2019,2807235,..,..,2.484,..
Food Prices for Nutrition 1.1,FPN 1.1,Qatar,QAT,2020,YR2020,2760385,..,..,2.577,..
Food Prices for Nutrition 1.1,FPN 1.1,Romania,ROU,2017,YR2017,19588715,11.9,2.3,2.921,0.273
Food Prices for Nutrition 1.1,FPN 1.1,Romania,ROU,2018,YR2018,19473970,7.1,1.4,2.957,..
Food Prices for Nutrition 1.1,FPN 1.1,Romania,ROU,2019,YR2019,19371648,8.4,1.6,3.01,..
Food Prices for Nutrition 1.1,FPN 1.1,Romania,ROU,2020,YR2020,19265250,8.9,1.7,3.191,..
Food Prices for Nutrition 1.1,FPN 1.1,Russian Federation,RUS,2017,YR2017,144496739,3.3,4.7,3.149,0.343
Food Prices for Nutrition 1.1,FPN 1.1,Russian Federation,RUS,2018,YR2018,144477859,2.9,4.2,3.197,..
Food Prices for Nutrition 1.1,FPN 1.1,Russian Federation,RUS,2019,YR2019,144406261,2.5,3.6,3.264,..
Food Prices for Nutrition 1.1,FPN 1.1,Russian Federation,RUS,2020,YR2020,144073139,2.9,4.2,3.42,..
Food Prices for Nutrition 1.1,FPN 1.1,Rwanda,RWA,2017,YR2017,12230339,87,10.6,2.609,1.808
Food Prices for Nutrition 1.1,FPN 1.1,Rwanda,RWA,2018,YR2018,12531808,83.9,10.5,2.483,..
Food Prices for Nutrition 1.1,FPN 1.1,Rwanda,RWA,2019,YR2019,12835028,82.1,10.3,2.537,..
Food Prices for Nutrition 1.1,FPN 1.1,Rwanda,RWA,2020,YR2020,13146362,83.6,10.5,2.698,..
Food Prices for Nutrition 1.1,FPN 1.1,Sao Tome and Principe,STP,2017,YR2017,208036,76.6,0.2,3.288,0.702
Food Prices for Nutrition 1.1,FPN 1.1,Sao Tome and Principe,STP,2018,YR2018,211344,76.5,0.2,3.394,..
Food Prices for Nutrition 1.1,FPN 1.1,Sao Tome and Principe,STP,2019,YR2019,214599,76.4,0.2,3.463,..
Food Prices for Nutrition 1.1,FPN 1.1,Sao Tome and Principe,STP,2020,YR2020,218641,77.1,0.2,3.551,..
Food Prices for Nutrition 1.1,FPN 1.1,Saudi Arabia,SAU,2017,YR2017,34193122,..,..,3.441,0.329
Food Prices for Nutrition 1.1,FPN 1.1,Saudi Arabia,SAU,2018,YR2018,35018133,..,..,3.663,..
Food Prices for Nutrition 1.1,FPN 1.1,Saudi Arabia,SAU,2019,YR2019,35827362,..,..,3.888,..
Food Prices for Nutrition 1.1,FPN 1.1,Saudi Arabia,SAU,2020,YR2020,35997107,..,..,4.148,..
Food Prices for Nutrition 1.1,FPN 1.1,Senegal,SEN,2017,YR2017,15157793,53.4,8.1,2.19,0.677
Food Prices for Nutrition 1.1,FPN 1.1,Senegal,SEN,2018,YR2018,15574909,47.9,7.5,2.25,..
Food Prices for Nutrition 1.1,FPN 1.1,Senegal,SEN,2019,YR2019,16000781,45.9,7.2,2.278,..
Food Prices for Nutrition 1.1,FPN 1.1,Senegal,SEN,2020,YR2020,16436120,46.6,7.3,2.33,..
Food Prices for Nutrition 1.1,FPN 1.1,Serbia,SRB,2017,YR2017,7020858,27.2,1.9,4.07,0.608
Food Prices for Nutrition 1.1,FPN 1.1,Serbia,SRB,2018,YR2018,6982604,12.8,0.9,4.149,..
Food Prices for Nutrition 1.1,FPN 1.1,Serbia,SRB,2019,YR2019,6945235,14.6,1,4.174,..
Food Prices for Nutrition 1.1,FPN 1.1,Serbia,SRB,2020,YR2020,6899126,14.8,1,4.246,..
Food Prices for Nutrition 1.1,FPN 1.1,Seychelles,SYC,2017,YR2017,95843,8.7,0,4.01,0.807
Food Prices for Nutrition 1.1,FPN 1.1,Seychelles,SYC,2018,YR2018,96762,7.8,0,3.965,..
Food Prices for Nutrition 1.1,FPN 1.1,Seychelles,SYC,2019,YR2019,97625,7.3,0,3.923,..
Food Prices for Nutrition 1.1,FPN 1.1,Seychelles,SYC,2020,YR2020,98462,6.8,0,3.801,..
Food Prices for Nutrition 1.1,FPN 1.1,Sierra Leone,SLE,2017,YR2017,7677565,84.2,6.5,2.842,1.323
Food Prices for Nutrition 1.1,FPN 1.1,Sierra Leone,SLE,2018,YR2018,7861281,84.2,6.6,2.952,..
Food Prices for Nutrition 1.1,FPN 1.1,Sierra Leone,SLE,2019,YR2019,8046828,81.2,6.4,2.847,..
Food Prices for Nutrition 1.1,FPN 1.1,Sierra Leone,SLE,2020,YR2020,8233970,81.3,6.4,2.893,..
Food Prices for Nutrition 1.1,FPN 1.1,Singapore,SGP,2017,YR2017,5612253,..,..,2.775,0.548
Food Prices for Nutrition 1.1,FPN 1.1,Singapore,SGP,2018,YR2018,5638676,..,..,2.867,..
Food Prices for Nutrition 1.1,FPN 1.1,Singapore,SGP,2019,YR2019,5703569,..,..,2.936,..
Food Prices for Nutrition 1.1,FPN 1.1,Singapore,SGP,2020,YR2020,5685807,..,..,3.064,..
Food Prices for Nutrition 1.1,FPN 1.1,Sint Maarten (Dutch part),SXM,2017,YR2017,40574,..,..,4.462,0.833
Food Prices for Nutrition 1.1,FPN 1.1,Sint Maarten (Dutch part),SXM,2018,YR2018,40895,..,..,4.73,..
Food Prices for Nutrition 1.1,FPN 1.1,Sint Maarten (Dutch part),SXM,2019,YR2019,41608,..,..,4.77,..
Food Prices for Nutrition 1.1,FPN 1.1,Sint Maarten (Dutch part),SXM,2020,YR2020,42310,..,..,5.36,..
Food Prices for Nutrition 1.1,FPN 1.1,Slovak Republic,SVK,2017,YR2017,5439232,2.1,0.1,3.013,0.434
Food Prices for Nutrition 1.1,FPN 1.1,Slovak Republic,SVK,2018,YR2018,5446771,2.8,0.2,3.102,..
Food Prices for Nutrition 1.1,FPN 1.1,Slovak Republic,SVK,2019,YR2019,5454147,1.3,0.1,3.105,..
Food Prices for Nutrition 1.1,FPN 1.1,Slovak Republic,SVK,2020,YR2020,5458827,1.3,0.1,3.15,..
Food Prices for Nutrition 1.1,FPN 1.1,Slovenia,SVN,2017,YR2017,2066388,0.1,0,2.798,0.394
Food Prices for Nutrition 1.1,FPN 1.1,Slovenia,SVN,2018,YR2018,2073894,0.1,0,2.902,..
Food Prices for Nutrition 1.1,FPN 1.1,Slovenia,SVN,2019,YR2019,2088385,0.1,0,2.916,..
Food Prices for Nutrition 1.1,FPN 1.1,Slovenia,SVN,2020,YR2020,2102419,0.1,0,3.07,..
Food Prices for Nutrition 1.1,FPN 1.1,South Africa,ZAF,2017,YR2017,56641209,65.7,37.2,4.102,0.95
Food Prices for Nutrition 1.1,FPN 1.1,South Africa,ZAF,2018,YR2018,57339635,65.2,37.4,4.146,..
Food Prices for Nutrition 1.1,FPN 1.1,South Africa,ZAF,2019,YR2019,58087055,65.4,37.5,4.198,..
Food Prices for Nutrition 1.1,FPN 1.1,South Africa,ZAF,2020,YR2020,58801927,65.8,37.7,4.298,..
Food Prices for Nutrition 1.1,FPN 1.1,South Asia,SAS,2017,YR2017,1783225288,78.3,1396.5,3.558,..
Food Prices for Nutrition 1.1,FPN 1.1,South Asia,SAS,2018,YR2018,1803847309,73.6,1326.8,3.61,..
Food Prices for Nutrition 1.1,FPN 1.1,South Asia,SAS,2019,YR2019,1823829015,72,1299,3.661,..
Food Prices for Nutrition 1.1,FPN 1.1,South Asia,SAS,2020,YR2020,1843559390,73.2,1320.3,3.842,..
Food Prices for Nutrition 1.1,FPN 1.1,Spain,ESP,2017,YR2017,46593236,1.7,0.8,2.699,0.371
Food Prices for Nutrition 1.1,FPN 1.1,Spain,ESP,2018,YR2018,46797754,1.9,0.9,2.741,..
Food Prices for Nutrition 1.1,FPN 1.1,Spain,ESP,2019,YR2019,47134837,1.7,0.8,2.744,..
Food Prices for Nutrition 1.1,FPN 1.1,Spain,ESP,2020,YR2020,47365655,1.8,0.8,2.838,..
Food Prices for Nutrition 1.1,FPN 1.1,Sri Lanka,LKA,2017,YR2017,21444000,53.8,11.5,3.702,0.671
Food Prices for Nutrition 1.1,FPN 1.1,Sri Lanka,LKA,2018,YR2018,21670000,50.1,10.9,3.705,..
Food Prices for Nutrition 1.1,FPN 1.1,Sri Lanka,LKA,2019,YR2019,21803000,46.8,10.1,3.667,..
Food Prices for Nutrition 1.1,FPN 1.1,Sri Lanka,LKA,2020,YR2020,21919000,50.4,10.9,3.923,..
Food Prices for Nutrition 1.1,FPN 1.1,St. Kitts and Nevis,KNA,2017,YR2017,47785,..,..,2.998,0.462
Food Prices for Nutrition 1.1,FPN 1.1,St. Kitts and Nevis,KNA,2018,YR2018,47761,..,..,3.179,..
Food Prices for Nutrition 1.1,FPN 1.1,St. Kitts and Nevis,KNA,2019,YR2019,47712,..,..,3.31,..
Food Prices for Nutrition 1.1,FPN 1.1,St. Kitts and Nevis,KNA,2020,YR2020,47642,..,..,3.405,..
Food Prices for Nutrition 1.1,FPN 1.1,St. Lucia,LCA,2017,YR2017,177163,20.9,0,3.263,1.836
Food Prices for Nutrition 1.1,FPN 1.1,St. Lucia,LCA,2018,YR2018,177888,20.6,0,3.399,..
Food Prices for Nutrition 1.1,FPN 1.1,St. Lucia,LCA,2019,YR2019,178583,21.2,0,3.517,..
Food Prices for Nutrition 1.1,FPN 1.1,St. Lucia,LCA,2020,YR2020,179237,21.4,0,3.594,..
Food Prices for Nutrition 1.1,FPN 1.1,St. Vincent and the Grenadines,VCT,2017,YR2017,105549,..,..,4.131,0.785
Food Prices for Nutrition 1.1,FPN 1.1,St. Vincent and the Grenadines,VCT,2018,YR2018,105281,..,..,4.232,..
Food Prices for Nutrition 1.1,FPN 1.1,St. Vincent and the Grenadines,VCT,2019,YR2019,104924,..,..,4.293,..
Food Prices for Nutrition 1.1,FPN 1.1,St. Vincent and the Grenadines,VCT,2020,YR2020,104632,..,..,4.454,..
Food Prices for Nutrition 1.1,FPN 1.1,Sub-Saharan Africa,SSF,2017,YR2017,1034965620,84.4,865.4,3.249,..
Food Prices for Nutrition 1.1,FPN 1.1,Sub-Saharan Africa,SSF,2018,YR2018,1054328910,83.1,874.4,3.253,..
Food Prices for Nutrition 1.1,FPN 1.1,Sub-Saharan Africa,SSF,2019,YR2019,1082586911,83,873.8,3.381,..
Food Prices for Nutrition 1.1,FPN 1.1,Sub-Saharan Africa,SSF,2020,YR2020,1111353950,83.4,877.7,3.474,..
Food Prices for Nutrition 1.1,FPN 1.1,Sudan,SDN,2017,YR2017,40679828,87.7,35.7,3.674,0.824
Food Prices for Nutrition 1.1,FPN 1.1,Sudan,SDN,2018,YR2018,41999059,90.2,37.9,3.921,..
Food Prices for Nutrition 1.1,FPN 1.1,Sudan,SDN,2019,YR2019,43232093,92.9,39,4.306,..
Food Prices for Nutrition 1.1,FPN 1.1,Sudan,SDN,2020,YR2020,44440486,92.7,38.9,4.308,..
Food Prices for Nutrition 1.1,FPN 1.1,Suriname,SUR,2017,YR2017,587559,43.7,0.3,4.969,0.604
Food Prices for Nutrition 1.1,FPN 1.1,Suriname,SUR,2018,YR2018,593715,42.7,0.3,5.223,..
Food Prices for Nutrition 1.1,FPN 1.1,Suriname,SUR,2019,YR2019,600301,42.7,0.3,5.336,..
Food Prices for Nutrition 1.1,FPN 1.1,Suriname,SUR,2020,YR2020,607065,45.2,0.3,5.739,..
Food Prices for Nutrition 1.1,FPN 1.1,Sweden,SWE,2017,YR2017,10057698,0.6,0.1,3.086,0.417
Food Prices for Nutrition 1.1,FPN 1.1,Sweden,SWE,2018,YR2018,10175214,1.2,0.1,3.164,..
Food Prices for Nutrition 1.1,FPN 1.1,Sweden,SWE,2019,YR2019,10278887,0.6,0.1,3.154,..
Food Prices for Nutrition 1.1,FPN 1.1,Sweden,SWE,2020,YR2020,10353442,0.7,0.1,3.339,..
Food Prices for Nutrition 1.1,FPN 1.1,Switzerland,CHE,2017,YR2017,8451840,0,0,2.523,0.333
Food Prices for Nutrition 1.1,FPN 1.1,Switzerland,CHE,2018,YR2018,8514329,0,0,2.591,..
Food Prices for Nutrition 1.1,FPN 1.1,Switzerland,CHE,2019,YR2019,8575280,0,0,2.563,..
Food Prices for Nutrition 1.1,FPN 1.1,Switzerland,CHE,2020,YR2020,8638167,0,0,2.659,..
Food Prices for Nutrition 1.1,FPN 1.1,"Taiwan, China",TWN,2017,YR2017,23552470,0.2,0.1,3.99,0.427
Food Prices for Nutrition 1.1,FPN 1.1,"Taiwan, China",TWN,2018,YR2018,..,..,..,..,..
Food Prices for Nutrition 1.1,FPN 1.1,"Taiwan, China",TWN,2019,YR2019,..,..,..,..,..
Food Prices for Nutrition 1.1,FPN 1.1,"Taiwan, China",TWN,2020,YR2020,..,..,..,..,..
Food Prices for Nutrition 1.1,FPN 1.1,Tajikistan,TJK,2017,YR2017,8925525,50,4.5,3.027,1.203
Food Prices for Nutrition 1.1,FPN 1.1,Tajikistan,TJK,2018,YR2018,9128132,46.8,4.3,3.119,..
Food Prices for Nutrition 1.1,FPN 1.1,Tajikistan,TJK,2019,YR2019,9337003,49.3,4.5,3.433,..
Food Prices for Nutrition 1.1,FPN 1.1,Tajikistan,TJK,2020,YR2020,9543207,49.4,4.5,3.48,..
Food Prices for Nutrition 1.1,FPN 1.1,Tanzania,TZA,2017,YR2017,56267032,85.9,48.3,2.598,0.976
Food Prices for Nutrition 1.1,FPN 1.1,Tanzania,TZA,2018,YR2018,58090443,85.5,49.7,2.648,..
Food Prices for Nutrition 1.1,FPN 1.1,Tanzania,TZA,2019,YR2019,59872579,84.8,49.3,2.681,..
Food Prices for Nutrition 1.1,FPN 1.1,Tanzania,TZA,2020,YR2020,61704518,85,49.4,2.736,..
Food Prices for Nutrition 1.1,FPN 1.1,Thailand,THA,2017,YR2017,70898202,20.5,14.5,3.971,0.656
Food Prices for Nutrition 1.1,FPN 1.1,Thailand,THA,2018,YR2018,71127802,21,15,4.042,..
Food Prices for Nutrition 1.1,FPN 1.1,Thailand,THA,2019,YR2019,71307763,19.1,13.6,4.181,..
Food Prices for Nutrition 1.1,FPN 1.1,Thailand,THA,2020,YR2020,71475664,20.3,14.4,4.321,..
Food Prices for Nutrition 1.1,FPN 1.1,Togo,TGO,2017,YR2017,7852795,..,..,..,..
Food Prices for Nutrition 1.1,FPN 1.1,Togo,TGO,2018,YR2018,..,..,..,..,..
Food Prices for Nutrition 1.1,FPN 1.1,Togo,TGO,2019,YR2019,..,..,..,..,..
Food Prices for Nutrition 1.1,FPN 1.1,Togo,TGO,2020,YR2020,..,..,..,..,..
Food Prices for Nutrition 1.1,FPN 1.1,Trinidad and Tobago,TTO,2017,YR2017,1478607,7,0.1,3.928,0.501
Food Prices for Nutrition 1.1,FPN 1.1,Trinidad and Tobago,TTO,2018,YR2018,1504709,7.1,0.1,4.028,..
Food Prices for Nutrition 1.1,FPN 1.1,Trinidad and Tobago,TTO,2019,YR2019,1519955,7.3,0.1,4.083,..
Food Prices for Nutrition 1.1,FPN 1.1,Trinidad and Tobago,TTO,2020,YR2020,1518147,7.7,0.1,4.224,..
Food Prices for Nutrition 1.1,FPN 1.1,Tunisia,TUN,2017,YR2017,11811443,15.7,1.9,3.476,0.64
Food Prices for Nutrition 1.1,FPN 1.1,Tunisia,TUN,2018,YR2018,11933041,15.2,1.8,3.559,..
Food Prices for Nutrition 1.1,FPN 1.1,Tunisia,TUN,2019,YR2019,12049314,14.9,1.8,3.628,..
Food Prices for Nutrition 1.1,FPN 1.1,Tunisia,TUN,2020,YR2020,12161723,14.5,1.7,3.639,..
Food Prices for Nutrition 1.1,FPN 1.1,Türkiye,TUR,2017,YR2017,82089826,6.1,5,2.873,0.391
Food Prices for Nutrition 1.1,FPN 1.1,Türkiye,TUR,2018,YR2018,82809304,6.2,5.1,2.997,..
Food Prices for Nutrition 1.1,FPN 1.1,Türkiye,TUR,2019,YR2019,83481684,8,6.6,3.064,..
Food Prices for Nutrition 1.1,FPN 1.1,Türkiye,TUR,2020,YR2020,84135428,7.6,6.3,3.029,..
Food Prices for Nutrition 1.1,FPN 1.1,Turks and Caicos Islands,TCA,2017,YR2017,39844,..,..,2.809,0.79
Food Prices for Nutrition 1.1,FPN 1.1,Turks and Caicos Islands,TCA,2018,YR2018,41487,..,..,2.897,..
Food Prices for Nutrition 1.1,FPN 1.1,Turks and Caicos Islands,TCA,2019,YR2019,43080,..,..,2.973,..
Food Prices for Nutrition 1.1,FPN 1.1,Turks and Caicos Islands,TCA,2020,YR2020,44276,..,..,3.095,..
Food Prices for Nutrition 1.1,FPN 1.1,Uganda,UGA,2017,YR2017,40127085,84.4,33.8,2.749,1.807
Food Prices for Nutrition 1.1,FPN 1.1,Uganda,UGA,2018,YR2018,41515395,83.1,34.5,2.712,..
Food Prices for Nutrition 1.1,FPN 1.1,Uganda,UGA,2019,YR2019,42949080,82.3,34.2,2.678,..
Food Prices for Nutrition 1.1,FPN 1.1,Uganda,UGA,2020,YR2020,44404611,81.7,33.9,2.658,..
Food Prices for Nutrition 1.1,FPN 1.1,United Arab Emirates,ARE,2017,YR2017,9068296,0.1,0,2.755,0.374
Food Prices for Nutrition 1.1,FPN 1.1,United Arab Emirates,ARE,2018,YR2018,9140169,0.1,0,2.835,..
Food Prices for Nutrition 1.1,FPN 1.1,United Arab Emirates,ARE,2019,YR2019,9211657,0,0,2.902,..
Food Prices for Nutrition 1.1,FPN 1.1,United Arab Emirates,ARE,2020,YR2020,9287289,0,0,3.111,..
Food Prices for Nutrition 1.1,FPN 1.1,United Kingdom,GBR,2017,YR2017,66058859,0.5,0.3,1.822,0.341
Food Prices for Nutrition 1.1,FPN 1.1,United Kingdom,GBR,2018,YR2018,66460344,0.5,0.3,1.873,..
Food Prices for Nutrition 1.1,FPN 1.1,United Kingdom,GBR,2019,YR2019,66836327,0.5,0.3,1.881,..
Food Prices for Nutrition 1.1,FPN 1.1,United Kingdom,GBR,2020,YR2020,67081000,0.5,0.3,1.912,..
Food Prices for Nutrition 1.1,FPN 1.1,United States,USA,2017,YR2017,325122128,2,6.5,3.225,0.46
Food Prices for Nutrition 1.1,FPN 1.1,United States,USA,2018,YR2018,326838199,1.7,5.7,3.24,..
Food Prices for Nutrition 1.1,FPN 1.1,United States,USA,2019,YR2019,328329953,1.5,4.9,3.268,..
Food Prices for Nutrition 1.1,FPN 1.1,United States,USA,2020,YR2020,331501080,1.5,4.9,3.383,..
Food Prices for Nutrition 1.1,FPN 1.1,Upper middle income,UMC,2017,YR2017,2431589377,17.2,418.9,3.524,..
Food Prices for Nutrition 1.1,FPN 1.1,Upper middle income,UMC,2018,YR2018,2447088287,15.1,369.7,3.577,..
Food Prices for Nutrition 1.1,FPN 1.1,Upper middle income,UMC,2019,YR2019,2460756006,14.2,349.7,3.656,..
Food Prices for Nutrition 1.1,FPN 1.1,Upper middle income,UMC,2020,YR2020,2471650011,15.7,386.8,3.762,..
Food Prices for Nutrition 1.1,FPN 1.1,Uruguay,URY,2017,YR2017,3422200,2.8,0.1,3.073,0.416
Food Prices for Nutrition 1.1,FPN 1.1,Uruguay,URY,2018,YR2018,3427042,3,0.1,3.17,..
Food Prices for Nutrition 1.1,FPN 1.1,Uruguay,URY,2019,YR2019,3428409,3.3,0.1,3.254,..
Food Prices for Nutrition 1.1,FPN 1.1,Uruguay,URY,2020,YR2020,3429086,3.7,0.1,3.414,..
Food Prices for Nutrition 1.1,FPN 1.1,Vietnam,VNM,2017,YR2017,94033048,25,23.5,3.586,1.052
Food Prices for Nutrition 1.1,FPN 1.1,Vietnam,VNM,2018,YR2018,94914330,22.4,21.3,3.663,..
Food Prices for Nutrition 1.1,FPN 1.1,Vietnam,VNM,2019,YR2019,95776716,20.4,19.3,3.776,..
Food Prices for Nutrition 1.1,FPN 1.1,Vietnam,VNM,2020,YR2020,96648685,23.1,22,4.072,..
Food Prices for Nutrition 1.1,FPN 1.1,West Bank and Gaza,PSE,2017,YR2017,4454805,18,0.8,3.342,0.845
Food Prices for Nutrition 1.1,FPN 1.1,West Bank and Gaza,PSE,2018,YR2018,4569087,18.4,0.8,3.398,..
Food Prices for Nutrition 1.1,FPN 1.1,West Bank and Gaza,PSE,2019,YR2019,4685306,18,0.8,3.493,..
Food Prices for Nutrition 1.1,FPN 1.1,West Bank and Gaza,PSE,2020,YR2020,4803269,15.1,0.7,3.356,..
Food Prices for Nutrition 1.1,FPN 1.1,World,WLD,2017,YR2017,7262444211,43.6,3125.1,3.314,..
Food Prices for Nutrition 1.1,FPN 1.1,World,WLD,2018,YR2018,7304446818,41.7,3012.2,3.35,..
Food Prices for Nutrition 1.1,FPN 1.1,World,WLD,2019,YR2019,7381666960,40.9,2955.7,3.425,..
Food Prices for Nutrition 1.1,FPN 1.1,World,WLD,2020,YR2020,7455671559,41.9,3022.5,3.537,..
Food Prices for Nutrition 1.1,FPN 1.1,Zambia,ZMB,2017,YR2017,17298054,88.4,15.3,3.085,1.821
Food Prices for Nutrition 1.1,FPN 1.1,Zambia,ZMB,2018,YR2018,17835893,88.1,15.7,3.15,..
Food Prices for Nutrition 1.1,FPN 1.1,Zambia,ZMB,2019,YR2019,18380477,88.6,15.8,3.245,..
Food Prices for Nutrition 1.1,FPN 1.1,Zambia,ZMB,2020,YR2020,18927715,88.6,15.8,3.3,..
Food Prices for Nutrition 1.1,FPN 1.1,Zimbabwe,ZWE,2017,YR2017,14751101,83.2,12.3,3.456,1.529
Food Prices for Nutrition 1.1,FPN 1.1,Zimbabwe,ZWE,2018,YR2018,..,..,..,..,..
Food Prices for Nutrition 1.1,FPN 1.1,Zimbabwe,ZWE,2019,YR2019,..,..,..,..,..
Food Prices for Nutrition 1.1,FPN 1.1,Zimbabwe,ZWE,2020,YR2020,..,..,..,..,..
,,,,,,,,,,
,,,,,,,,,,
,,,,,,,,,,
Data from database: Food Prices for Nutrition,,,,,,,,,,
Last Updated: 03/30/2023,,,,,,,,,,
